id,temp_ambiente,umidade,carga_termica,setpoint,temp_fria,erro,peltier_pwm,fan_pwm,potencia_estimada,modo_operacao,estavel,temp_fria_prox
1,,,,11.71,8.55,3.17,92.21,100.0,31.32,cooling,0,8.42
2,23.69,65.57,21.97,8.73,13.59,-4.85,37.33,54.91,11.9,heating,0,13.36
3,25.4,55.54,14.13,9.95,4.68,5.27,94.33,100.0,29.12,cooling,0,3.72
4,27.31,53.37,22.69,10.83,12.0,-1.17,49.2,66.6,19.31,hold,0,11.04
5,23.48,49.72,28.9,10.11,16.68,-6.57,37.33,54.91,13.95,heating,0,15.51
6,23.48,51.73,17.18,11.6,3.77,7.84,100.0,100.0,32.15,cooling,0,3.82
7,27.43,80.87,30.74,9.39,16.71,-7.32,40.32,56.73,17.01,heating,0,16.29
8,25.66,67.71,27.47,9.73,10.48,-0.74,68.26,86.23,22.46,hold,0,10.27
9,22.97,47.67,20.33,8.23,18.97,-10.74,37.33,54.91,10.15,heating,0,19.57
10,25.17,47.89,23.79,10.32,8.31,2.01,85.38,98.46,28.28,cooling,0,7.51
11,22.98,61.82,33.95,9.03,13.29,-4.26,48.78,60.38,12.45,heating,0,12.68
12,22.97,62.32,28.9,8.51,9.68,-1.17,64.35,80.83,21.21,hold,0,9.24
13,24.52,62.34,24.67,10.06,9.21,0.85,68.24,83.67,18.05,hold,0,8.85
14,19.82,56.13,23.23,10.01,12.24,-2.23,53.88,68.5,16.23,heating,0,12.8
15,20.23,57.13,25.07,8.18,14.62,-6.44,37.33,57.8,11.47,heating,0,15.14
16,22.76,60.63,21.63,10.68,-0.65,11.33,100.0,100.0,29.46,cooling,0,-0.87
17,21.78,58.76,12.33,10.38,22.29,-11.91,37.33,57.66,11.5,heating,0,22.63
18,24.68,40.97,36.55,8.63,-5.87,14.5,100.0,100.0,33.07,cooling,0,-6.35
19,22.01,56.33,25.53,9.76,4.17,5.58,99.84,100.0,29.52,cooling,0,3.68
20,20.91,51.53,26.95,10.77,9.22,1.54,64.17,78.63,21.34,hold,0,8.67
21,27.19,59.45,24.28,10.0,13.56,-3.56,53.53,71.41,15.13,heating,0,12.65
22,23.5,81.15,20.33,9.46,23.51,-14.05,37.33,54.91,11.82,heating,0,23.73
23,24.14,60.94,23.53,9.17,-5.86,15.02,100.0,100.0,31.65,cooling,0,-5.99
24,20.88,55.68,15.28,10.32,5.69,4.63,89.11,100.0,25.74,cooling,0,5.11
25,22.8,65.22,37.92,11.65,-8.15,19.8,100.0,100.0,28.38,cooling,0,-8.54
26,24.23,61.83,17.41,10.57,10.3,0.27,64.47,80.95,21.33,hold,0,9.18
27,21.48,61.34,18.59,8.17,12.35,-4.18,50.11,67.43,18.28,heating,0,11.55
28,24.81,62.78,22.05,9.72,23.63,-13.91,37.33,54.91,12.04,heating,0,23.45
29,22.68,73.98,32.14,11.45,11.06,0.39,73.73,86.61,22.2,hold,0,10.29
30,23.35,49.37,24.7,8.25,18.96,-10.71,37.33,54.91,12.51,heating,0,18.56
31,22.68,61.76,17.4,11.85,15.02,-3.18,47.47,59.89,15.35,heating,0,14.65
32,28.03,50.95,31.95,11.69,6.31,5.38,95.46,100.0,30.12,cooling,0,5.45
33,23.96,62.39,28.89,8.18,-2.02,10.2,100.0,100.0,25.94,cooling,0,-2.98
34,21.68,51.01,27.76,11.62,12.38,-0.76,64.7,80.76,18.27,hold,0,11.11
35,25.78,54.88,28.8,9.33,-2.73,12.06,100.0,100.0,29.31,cooling,0,-3.23
36,21.33,55.82,38.6,11.27,21.1,-9.84,37.33,54.91,12.5,heating,0,21.04
37,24.45,65.63,37.38,9.55,8.64,0.91,74.92,89.94,23.85,hold,0,7.39
38,19.72,65.19,20.61,9.64,20.25,-10.61,37.33,56.91,13.47,heating,0,19.85
39,21.09,48.48,34.1,10.42,5.92,4.5,100.0,100.0,31.52,cooling,0,5.37
40,24.42,58.52,26.86,10.98,12.33,-1.35,71.84,80.98,19.95,hold,0,11.36
41,25.6,52.62,27.53,8.01,11.82,-3.81,48.32,64.68,18.39,heating,0,12.32
42,24.36,48.38,14.74,10.25,9.64,0.61,65.79,80.46,23.28,hold,0,9.09
43,23.74,56.42,23.62,8.62,6.33,2.29,79.42,92.29,22.31,cooling,0,5.83
44,23.33,55.72,19.87,9.26,13.39,-4.12,44.64,61.6,15.06,heating,0,13.06
45,20.77,76.83,29.46,9.27,2.11,7.16,100.0,100.0,29.81,cooling,0,0.6
46,22.42,61.44,30.88,9.76,-0.31,10.07,100.0,100.0,31.28,cooling,0,-0.35
47,22.99,47.46,12.5,9.21,20.66,-11.44,37.33,54.91,14.31,heating,0,19.85
48,26.29,53.74,24.49,8.3,16.25,-7.95,37.33,59.28,16.46,heating,0,15.96
49,24.74,65.99,31.17,8.46,10.59,-2.14,58.81,75.56,20.14,heating,0,10.59
50,20.15,74.22,23.53,8.0,24.27,-16.26,37.33,54.91,12.79,heating,0,24.54
51,24.7,45.86,28.88,9.76,7.74,2.02,85.97,100.0,26.11,cooling,0,6.68
52,23.15,43.59,26.67,11.71,21.34,-9.63,37.33,54.91,12.56,heating,0,20.78
53,22.51,72.54,26.62,8.34,11.53,-3.2,52.38,69.77,19.43,heating,0,11.92
54,25.32,61.11,23.04,11.67,1.27,10.41,100.0,100.0,30.91,cooling,0,0.98
55,26.24,51.4,17.52,10.82,25.83,-15.01,37.33,54.91,10.43,heating,0,25.8
56,26.02,62.23,18.07,10.43,18.5,-8.07,37.33,54.91,10.15,heating,0,17.75
57,22.16,37.75,28.76,10.46,9.0,1.47,80.4,95.91,26.14,hold,0,8.27
58,23.32,58.13,24.73,11.19,16.25,-5.05,44.55,57.79,14.86,heating,0,15.86
59,24.71,60.63,23.81,8.3,6.58,1.72,76.77,91.81,22.74,hold,0,5.74
60,26.12,65.24,22.14,9.9,17.12,-7.22,37.33,54.91,14.25,heating,0,16.09
61,22.95,50.27,22.84,10.67,-10.41,21.09,100.0,100.0,30.16,cooling,0,-11.0
62,23.59,58.76,30.73,10.23,1.31,8.92,100.0,100.0,30.73,cooling,0,1.43
63,21.58,50.96,22.66,11.22,18.4,-7.18,37.33,54.91,12.17,heating,0,18.12
64,21.38,60.07,16.79,8.16,7.9,0.27,75.56,89.04,22.97,hold,0,8.1
65,25.76,51.19,28.96,10.65,11.8,-1.16,64.31,78.81,20.76,hold,0,11.53
66,26.95,54.95,23.42,10.02,-1.49,11.5,100.0,100.0,33.3,cooling,0,-2.3
67,23.83,50.41,24.8,9.39,25.83,-16.44,37.33,55.18,10.15,heating,0,26.05
68,26.18,63.13,34.01,9.24,20.21,-10.97,37.33,54.91,13.18,heating,0,20.06
69,24.78,64.73,24.5,10.37,8.31,2.05,83.45,100.0,26.38,cooling,0,8.29
70,22.58,56.29,26.31,11.45,6.57,4.88,95.47,100.0,29.95,cooling,0,5.4
71,24.78,58.4,17.74,9.86,18.83,-8.97,37.33,54.91,13.94,heating,0,19.1
72,27.34,46.92,23.34,11.19,26.98,-15.79,37.33,54.91,12.3,heating,0,27.15
73,23.91,55.79,28.18,9.49,18.18,-8.7,37.33,54.91,13.16,heating,0,18.07
74,27.4,57.71,15.54,8.28,28.6,-20.32,37.33,55.89,13.63,heating,0,27.8
75,18.28,78.33,25.79,8.12,2.14,5.97,100.0,100.0,29.99,cooling,0,1.44
76,25.78,49.52,25.21,8.08,3.02,5.05,97.72,100.0,30.91,cooling,0,2.81
77,24.18,69.4,24.86,9.4,-0.14,9.53,100.0,100.0,30.5,cooling,0,-0.53
78,23.34,65.8,30.68,9.23,13.81,-4.58,59.34,76.0,18.54,heating,0,13.7
79,24.19,60.27,26.57,10.76,11.53,-0.78,59.11,78.14,18.09,hold,0,11.7
80,,,,10.86,8.73,2.13,85.37,98.5,27.55,cooling,0,7.77
81,23.51,60.97,18.82,8.07,16.95,-8.87,37.33,54.91,12.36,heating,0,16.13
82,24.77,61.1,25.41,8.76,20.57,-11.81,37.33,54.91,12.99,heating,0,20.26
83,27.21,57.69,25.11,8.97,-3.01,11.99,100.0,100.0,30.96,cooling,0,-3.57
84,22.86,67.55,18.38,10.07,4.93,5.15,95.33,100.0,26.39,cooling,0,4.72
85,22.23,66.56,30.2,8.45,17.04,-8.59,37.33,54.91,12.26,heating,0,16.24
86,22.9,53.27,38.2,8.41,6.03,2.38,78.32,88.8,24.62,cooling,0,6.1
87,25.99,47.92,24.52,11.66,3.21,8.46,100.0,100.0,31.49,cooling,0,3.34
88,24.71,56.53,27.57,11.1,18.74,-7.64,37.33,54.91,11.01,heating,0,18.48
89,22.84,51.92,25.11,8.6,-1.0,9.59,100.0,100.0,28.61,cooling,0,-1.49
90,25.11,57.61,20.45,9.5,7.45,2.05,74.91,86.12,24.72,cooling,0,6.67
91,24.2,67.65,13.99,9.3,12.84,-3.54,53.93,69.91,16.63,heating,0,12.26
92,26.1,54.57,20.5,11.05,5.12,5.93,99.12,100.0,31.08,cooling,0,4.35
93,22.46,57.77,16.49,9.92,16.73,-6.8,37.33,54.91,11.64,heating,0,17.19
94,23.28,58.55,34.57,8.38,5.17,3.22,90.14,100.0,28.03,cooling,0,4.59
95,23.14,64.65,23.95,10.84,22.07,-11.23,37.33,55.88,11.3,heating,0,21.06
96,20.8,40.75,22.6,9.47,8.95,0.51,73.81,84.18,21.21,hold,0,8.58
97,24.64,53.42,29.81,8.93,15.77,-6.84,39.06,55.62,13.67,heating,0,15.97
98,24.56,59.73,18.07,9.38,16.41,-7.03,37.33,54.91,10.99,heating,0,16.19
99,24.0,67.36,20.14,9.87,4.66,5.21,100.0,100.0,31.33,cooling,0,4.79
100,23.48,54.3,25.02,9.25,-7.53,16.78,100.0,100.0,31.82,cooling,0,-7.52
101,20.9,43.61,30.63,8.84,13.11,-4.27,54.02,66.56,16.03,heating,0,12.21
102,23.07,62.88,27.55,9.47,10.65,-1.18,69.67,85.09,19.49,hold,0,9.92
103,23.24,53.2,26.07,7.95,14.78,-6.84,41.24,61.18,18.22,heating,0,14.65
104,22.24,48.92,25.08,10.98,8.09,2.88,81.11,98.69,24.28,cooling,0,6.73
105,23.64,53.28,26.96,8.56,6.35,2.21,80.2,93.67,26.31,cooling,0,6.06
106,24.87,56.68,25.8,8.05,27.2,-19.16,37.33,54.91,16.08,heating,0,25.9
107,28.1,53.43,18.6,10.5,-2.56,13.06,100.0,100.0,32.58,cooling,0,-2.43
108,24.37,41.07,24.89,10.98,16.31,-5.32,51.35,70.3,15.81,heating,0,16.41
109,24.55,65.03,18.35,11.14,5.12,6.02,100.0,100.0,30.87,cooling,0,4.76
110,23.83,67.94,25.09,9.85,7.16,2.69,84.89,98.92,24.8,cooling,0,6.31
111,19.81,63.13,21.81,8.7,7.32,1.38,74.0,92.96,24.96,hold,0,6.91
112,23.93,49.32,39.45,10.83,3.16,7.67,100.0,100.0,32.13,cooling,0,2.32
113,24.12,56.54,24.39,10.68,14.91,-4.23,45.82,65.3,13.72,heating,0,14.12
114,29.36,58.05,16.42,8.86,21.92,-13.06,37.33,54.91,10.15,heating,0,21.53
115,23.57,62.72,23.84,11.5,14.05,-2.55,60.63,72.19,16.55,heating,0,13.98
116,24.65,63.26,27.65,8.29,10.91,-2.62,57.69,71.95,20.28,heating,0,10.63
117,23.91,52.43,34.39,11.82,1.6,10.22,100.0,100.0,31.24,cooling,0,1.77
118,21.44,58.73,21.18,11.33,14.45,-3.12,52.71,69.03,17.24,heating,0,14.44
119,26.48,61.63,15.38,10.64,28.47,-17.83,37.33,54.91,10.55,heating,0,28.38
120,25.63,69.34,29.39,11.64,6.78,4.87,100.0,100.0,28.07,cooling,0,5.35
121,25.71,63.54,16.56,10.77,6.82,3.96,93.32,100.0,30.92,cooling,0,6.12
122,22.01,64.19,22.07,8.64,5.23,3.4,91.06,100.0,28.4,cooling,0,4.13
123,27.05,58.75,23.12,9.65,5.85,3.8,90.48,100.0,29.96,cooling,0,5.27
124,20.93,68.99,24.21,8.16,-13.44,21.6,100.0,100.0,30.23,cooling,0,-14.1
125,25.27,61.26,28.64,9.44,13.49,-4.06,44.49,58.03,13.87,heating,0,13.09
126,28.77,51.45,20.63,10.85,2.8,8.05,100.0,100.0,32.43,cooling,0,2.85
127,21.83,68.93,23.02,9.42,-3.74,13.16,100.0,100.0,32.46,cooling,0,-3.99
128,22.76,63.49,24.54,9.2,16.47,-7.27,37.33,54.91,13.79,heating,0,16.73
129,24.21,54.68,25.49,10.26,0.78,9.48,100.0,100.0,30.41,cooling,0,-0.55
130,22.89,54.4,25.19,11.38,7.13,4.24,94.84,100.0,30.68,cooling,0,6.53
131,20.61,60.39,27.17,8.06,22.57,-14.51,37.33,54.91,14.42,heating,0,22.64
132,24.14,61.68,29.55,9.42,-2.02,11.44,100.0,100.0,30.79,cooling,0,-1.74
133,21.67,59.62,26.91,8.51,-3.07,11.58,100.0,100.0,29.97,cooling,0,-4.35
134,25.02,60.5,27.27,10.67,12.33,-1.67,61.37,75.47,22.1,hold,0,11.8
135,21.99,71.22,15.38,8.3,19.86,-11.56,37.33,54.91,10.89,heating,0,20.04
136,27.37,66.37,24.91,10.54,-3.43,13.97,100.0,100.0,32.26,cooling,0,-3.91
137,22.28,59.57,27.42,9.02,13.52,-4.5,51.48,69.99,16.33,heating,0,12.72
138,23.29,65.37,28.88,8.67,15.0,-6.33,40.96,54.91,10.15,heating,0,13.98
139,25.76,50.13,20.58,11.63,-7.58,19.21,100.0,100.0,33.26,cooling,0,-8.38
140,21.31,61.17,20.77,7.94,16.86,-8.91,37.33,54.91,10.15,heating,0,15.73
141,24.49,72.07,21.27,9.63,17.52,-7.9,37.33,54.91,10.15,heating,0,17.32
142,26.84,56.42,27.75,7.96,7.36,0.59,66.41,79.43,21.98,hold,0,7.54
143,20.49,51.56,30.66,9.81,20.74,-10.92,37.33,56.0,13.25,heating,0,19.73
144,24.39,53.07,22.24,9.88,19.75,-9.86,37.33,54.91,10.92,heating,0,19.6
145,24.56,49.69,29.92,9.16,10.91,-1.75,64.57,73.93,20.67,hold,0,10.96
146,25.69,52.04,25.34,8.4,6.17,2.23,82.3,91.91,20.63,cooling,0,5.74
147,21.29,55.24,23.89,9.38,1.71,7.67,100.0,100.0,32.41,cooling,0,0.3
148,21.11,47.25,23.39,10.57,9.71,0.86,71.31,88.9,22.89,hold,0,9.42
149,25.13,58.22,28.98,11.02,14.9,-3.89,54.11,64.26,17.14,heating,0,14.54
150,24.64,65.07,26.52,10.0,7.26,2.75,84.54,100.0,26.4,cooling,0,6.68
151,24.54,51.09,37.91,10.24,-8.76,19.0,100.0,100.0,31.99,cooling,0,-9.37
152,24.75,69.83,19.64,8.68,20.88,-12.2,37.33,57.99,12.14,heating,0,20.62
153,22.51,62.04,27.65,9.03,11.66,-2.63,56.09,72.09,14.08,heating,0,11.57
154,24.5,66.06,21.53,8.52,6.78,1.74,84.24,100.0,30.67,hold,0,7.49
155,24.63,53.02,19.54,8.87,17.36,-8.49,37.33,54.91,14.6,heating,0,17.19
156,22.43,64.7,24.56,8.77,23.07,-14.29,37.33,58.63,10.15,heating,0,23.44
157,28.06,49.67,25.42,9.96,-13.93,23.88,100.0,100.0,30.31,cooling,0,-13.91
158,25.02,64.97,41.66,10.13,13.74,-3.61,62.03,74.23,19.14,heating,0,13.3
159,21.39,59.43,23.54,11.67,-2.17,13.84,100.0,100.0,33.16,cooling,0,-2.62
160,25.42,62.37,18.02,8.66,14.3,-5.64,40.16,59.69,10.15,heating,0,13.51
161,21.87,49.02,26.21,10.45,11.12,-0.67,69.09,90.71,20.73,hold,0,10.8
162,25.71,51.19,12.5,11.16,15.47,-4.31,52.27,67.64,13.16,heating,0,14.15
163,26.52,62.71,24.08,10.12,5.76,4.36,89.52,100.0,27.29,cooling,0,4.85
164,22.2,50.78,24.71,8.9,-5.99,14.88,100.0,100.0,30.05,cooling,0,-6.37
165,26.09,61.68,29.26,8.93,6.18,2.75,82.09,93.97,25.79,cooling,0,6.35
166,24.89,47.55,30.31,8.03,13.51,-5.48,46.19,65.62,13.65,heating,0,13.99
167,25.78,64.65,21.68,9.1,18.71,-9.61,37.33,54.91,10.7,heating,0,18.36
168,28.13,48.58,23.74,10.86,0.01,10.85,100.0,100.0,32.24,cooling,0,-0.35
169,23.46,62.36,20.15,8.06,18.81,-10.75,37.33,56.23,13.11,heating,0,19.02
170,22.35,62.93,18.03,8.75,4.49,4.26,87.2,100.0,28.26,cooling,0,3.31
171,22.05,52.72,26.43,10.71,13.13,-2.42,62.63,83.11,19.43,heating,0,12.88
172,22.21,62.59,17.18,11.02,5.67,5.35,96.33,100.0,28.76,cooling,0,4.62
173,23.82,60.11,22.2,9.7,11.59,-1.89,61.99,76.46,19.36,hold,0,11.13
174,24.73,53.94,18.81,10.68,17.66,-6.98,37.33,54.91,13.2,heating,0,17.19
175,24.59,50.31,27.83,9.43,-0.46,9.89,100.0,100.0,26.65,cooling,0,-0.74
176,25.79,42.95,35.14,8.51,4.22,4.3,88.44,100.0,28.32,cooling,0,4.04
177,24.02,60.8,17.02,9.47,11.61,-2.14,58.62,72.3,19.2,heating,0,11.72
178,27.16,46.02,13.8,10.2,30.56,-20.36,37.33,55.74,12.32,heating,0,30.3
179,23.41,58.84,23.89,11.68,2.65,9.03,100.0,100.0,30.7,cooling,0,2.15
180,29.92,56.07,24.71,8.15,27.47,-19.33,37.33,56.94,10.15,heating,0,28.08
181,25.35,63.34,25.9,9.91,27.17,-17.26,37.33,54.91,11.32,heating,0,26.0
182,22.12,55.77,22.01,9.19,9.2,-0.01,71.54,82.96,26.04,hold,1,9.59
183,21.66,55.56,23.45,9.91,7.48,2.43,76.95,91.32,24.11,cooling,0,6.85
184,25.04,63.75,26.77,7.97,4.11,3.85,91.11,100.0,27.72,cooling,0,3.91
185,23.5,60.69,30.7,9.13,9.45,-0.32,66.49,83.28,20.98,hold,0,8.9
186,25.55,60.54,13.2,11.17,-2.0,13.16,100.0,100.0,31.71,cooling,0,-2.8
187,25.02,61.72,22.47,10.1,9.38,0.72,73.38,90.26,24.33,hold,0,9.2
188,23.83,46.25,25.87,9.68,22.83,-13.15,37.33,54.91,11.74,heating,0,23.0
189,22.14,63.94,19.26,9.02,4.81,4.21,86.5,99.51,27.8,cooling,0,4.52
190,20.69,62.83,34.73,9.07,7.97,1.1,80.43,93.68,28.48,hold,0,7.15
191,23.02,50.25,20.91,9.41,-4.51,13.92,100.0,100.0,33.01,cooling,0,-3.16
192,25.86,56.22,24.38,11.23,13.23,-2.0,54.46,70.14,22.02,hold,0,13.54
193,24.46,57.8,27.87,11.76,12.29,-0.53,69.17,78.22,20.44,hold,0,12.31
194,21.27,57.06,21.17,9.63,10.57,-0.94,73.31,86.75,26.34,hold,0,9.88
195,24.37,60.68,13.84,9.45,8.18,1.28,74.61,89.9,21.8,hold,0,7.44
196,24.83,69.15,22.12,11.27,7.53,3.75,92.24,100.0,29.38,cooling,0,6.81
197,22.06,66.45,30.63,9.59,14.32,-4.74,51.69,69.78,17.97,heating,0,14.5
198,24.33,47.97,22.65,10.09,9.78,0.31,75.6,87.84,22.66,hold,0,8.82
199,24.12,62.9,19.68,8.8,12.72,-3.92,48.82,71.08,15.82,heating,0,11.93
200,21.5,68.36,30.03,10.86,11.87,-1.01,59.5,74.41,20.67,hold,0,11.74
201,24.77,61.09,22.69,10.01,19.64,-9.63,37.33,56.07,10.78,heating,0,19.52
202,25.21,66.52,21.64,11.12,15.82,-4.7,45.21,56.74,17.9,heating,0,15.17
203,26.35,73.63,25.49,11.01,11.68,-0.67,72.54,80.34,19.99,hold,0,10.7
204,26.29,66.0,29.12,8.73,23.01,-14.28,37.33,54.91,16.08,heating,0,23.42
205,20.99,60.02,38.53,10.75,13.62,-2.88,59.12,64.37,20.74,heating,0,13.36
206,21.95,66.17,29.45,11.09,21.19,-10.1,37.33,58.67,12.02,heating,0,20.15
207,25.11,59.22,31.39,9.26,15.22,-5.96,40.74,56.38,12.42,heating,0,14.36
208,25.11,58.28,21.67,8.56,-5.72,14.28,100.0,100.0,29.99,cooling,0,-6.28
209,25.11,55.39,18.63,7.88,21.19,-13.31,37.33,54.91,11.93,heating,0,21.26
210,32.39,70.17,24.98,9.68,11.19,-1.5,63.34,78.9,19.9,hold,0,11.27
211,25.23,51.78,25.25,9.29,9.59,-0.3,66.43,83.29,23.44,hold,0,9.8
212,26.47,69.93,18.32,10.1,12.44,-2.33,61.85,80.48,23.49,heating,0,11.35
213,26.07,61.96,23.6,8.63,7.08,1.55,78.9,93.03,25.07,hold,0,6.78
214,25.41,47.3,26.95,11.33,11.97,-0.65,67.06,79.42,19.43,hold,0,12.28
215,23.3,60.94,26.72,8.91,4.97,3.94,97.48,100.0,29.15,cooling,0,5.03
216,25.64,41.89,27.57,8.78,20.93,-12.14,37.33,54.91,11.83,heating,0,20.83
217,22.31,62.93,26.32,9.8,9.06,0.74,70.27,85.57,20.02,hold,0,9.8
218,23.47,64.93,21.66,9.88,6.76,3.12,85.15,100.0,24.19,cooling,0,6.55
219,22.93,53.53,21.62,8.73,2.12,6.61,100.0,100.0,35.19,cooling,0,2.06
220,24.17,59.05,17.62,8.96,12.33,-3.37,53.58,65.88,17.68,heating,0,12.05
221,29.04,73.19,35.04,8.55,11.63,-3.08,67.23,83.49,19.5,heating,0,10.92
222,19.92,54.2,24.7,10.76,13.35,-2.59,58.89,71.87,20.3,heating,0,12.46
223,25.49,49.93,23.31,10.97,1.25,9.72,100.0,100.0,28.64,cooling,0,0.82
224,20.47,69.54,19.2,9.73,-3.66,13.39,100.0,100.0,28.81,cooling,0,-4.28
225,22.96,73.25,41.76,10.74,15.38,-4.64,37.33,54.91,10.59,heating,0,14.27
226,26.36,58.13,18.35,10.83,22.72,-11.9,37.33,58.0,15.51,heating,0,21.91
227,24.13,65.91,22.12,8.43,1.25,7.17,95.92,100.0,29.27,cooling,0,0.59
228,21.64,68.46,27.05,11.75,23.62,-11.87,37.33,54.91,10.15,heating,0,23.57
229,22.43,52.37,28.13,11.17,12.46,-1.29,55.96,74.47,20.21,hold,0,12.09
230,25.47,54.35,30.21,8.69,9.97,-1.28,65.53,77.38,20.05,hold,0,9.59
231,22.4,67.6,35.18,8.62,6.63,1.99,79.94,92.86,21.28,hold,0,5.65
232,24.46,71.11,27.58,8.38,-1.81,10.18,100.0,100.0,30.37,cooling,0,-2.27
233,24.09,62.45,18.45,8.43,18.48,-10.05,37.33,55.15,13.24,heating,0,18.87
234,22.57,51.31,23.12,10.88,3.4,7.48,100.0,100.0,31.81,cooling,0,2.86
235,28.66,73.44,26.42,9.76,3.36,6.4,100.0,100.0,34.6,cooling,0,2.12
236,25.37,54.0,36.7,11.02,18.51,-7.49,42.14,58.93,11.94,heating,0,17.6
237,19.58,55.51,16.46,10.87,-6.07,16.94,100.0,100.0,31.09,cooling,0,-6.26
238,24.4,60.74,31.64,10.3,-3.0,13.3,100.0,100.0,29.6,cooling,0,-3.56
239,22.55,70.1,25.67,10.63,9.87,0.75,66.63,85.24,17.9,hold,0,9.42
240,25.85,64.69,29.51,7.94,12.54,-4.59,42.49,55.84,15.52,heating,0,12.07
241,22.26,61.3,24.02,9.12,14.17,-5.05,47.01,62.84,16.03,heating,0,14.12
242,23.74,61.68,19.7,10.43,7.45,2.98,90.29,100.0,28.65,cooling,0,6.72
243,25.09,58.44,29.01,7.91,31.66,-23.76,37.33,54.91,13.05,heating,0,31.07
244,25.88,62.41,28.44,8.0,8.08,-0.08,73.6,91.5,21.71,hold,1,7.28
245,21.37,38.57,30.3,11.29,8.06,3.24,89.73,100.0,25.91,cooling,0,7.89
246,23.26,55.81,24.54,10.62,3.22,7.4,100.0,100.0,31.08,cooling,0,2.51
247,22.95,59.96,21.12,8.94,11.09,-2.15,55.94,71.78,20.11,heating,0,11.07
248,22.57,49.21,15.52,10.64,15.29,-4.65,47.61,60.29,18.5,heating,0,14.36
249,27.84,61.08,29.41,11.06,20.32,-9.26,37.33,55.62,13.79,heating,0,20.96
250,24.87,56.52,27.1,9.1,-2.7,11.81,100.0,100.0,31.06,cooling,0,-2.51
251,21.24,71.65,18.98,8.01,7.93,0.09,72.09,86.03,23.17,hold,0,6.52
252,25.99,70.24,21.47,11.62,13.85,-2.23,67.25,83.33,21.2,heating,0,13.02
253,28.62,54.5,21.89,9.26,15.05,-5.79,37.33,54.91,10.15,heating,0,15.19
254,26.24,56.94,15.96,8.3,10.09,-1.79,63.47,80.76,20.09,hold,0,9.11
255,20.68,57.53,19.84,9.85,14.67,-4.82,53.3,63.75,14.32,heating,0,14.19
256,22.93,54.61,18.0,10.96,3.11,7.85,100.0,100.0,30.75,cooling,0,2.72
257,26.75,59.61,22.21,8.76,23.35,-14.59,37.33,54.91,15.47,heating,0,22.95
258,22.45,52.25,20.31,8.95,18.52,-9.56,37.33,56.41,13.84,heating,0,18.49
259,24.96,49.37,15.12,8.85,-1.47,10.31,100.0,100.0,29.15,cooling,0,-2.29
260,25.68,62.91,36.43,11.86,0.84,11.02,100.0,100.0,30.86,cooling,0,-0.79
261,21.97,62.96,31.93,8.66,1.08,7.58,100.0,100.0,29.33,cooling,0,0.99
262,23.86,51.89,20.07,10.18,15.83,-5.64,41.75,55.06,13.4,heating,0,16.06
263,16.92,65.01,26.21,11.59,-0.95,12.54,100.0,100.0,33.08,cooling,0,-0.35
264,21.76,53.22,27.06,8.46,7.2,1.26,82.46,100.0,27.04,hold,0,5.56
265,23.44,60.05,31.58,11.77,13.92,-2.14,65.38,78.52,25.58,heating,0,13.83
266,21.27,64.43,19.84,11.68,9.46,2.21,78.91,85.45,27.06,cooling,0,7.93
267,27.55,57.84,31.0,11.43,12.24,-0.82,64.06,78.42,20.63,hold,0,12.79
268,20.87,61.61,21.42,8.73,0.92,7.82,100.0,100.0,32.35,cooling,0,0.56
269,23.03,54.11,16.82,10.42,15.12,-4.7,46.77,61.03,14.63,heating,0,14.33
270,24.28,56.58,28.85,10.93,4.79,6.14,100.0,100.0,28.74,cooling,0,4.57
271,27.13,56.51,32.16,11.83,7.25,4.58,95.69,100.0,32.32,cooling,0,6.42
272,20.86,52.34,39.73,8.6,12.06,-3.47,51.8,69.77,18.56,heating,0,11.87
273,26.53,56.74,17.61,10.95,10.91,0.04,74.91,91.24,22.99,hold,0,10.58
274,24.01,46.14,28.7,9.23,10.24,-1.0,67.21,76.81,21.71,hold,0,10.71
275,21.85,54.31,22.23,8.58,3.61,4.96,91.78,100.0,31.02,cooling,0,3.97
276,25.0,55.9,29.19,9.56,7.47,2.1,87.15,100.0,28.84,cooling,0,6.65
277,24.42,56.12,16.03,11.06,10.05,1.01,68.27,84.39,18.56,hold,0,10.18
278,22.68,56.24,17.25,9.74,-1.73,11.47,100.0,100.0,31.49,cooling,0,-2.06
279,24.14,57.62,20.09,10.03,6.08,3.96,94.61,100.0,29.05,cooling,0,4.78
280,23.15,61.8,25.08,11.87,13.34,-1.47,59.01,75.26,20.93,hold,0,12.6
281,24.24,64.85,20.88,9.47,-0.89,10.37,100.0,100.0,33.06,cooling,0,-0.22
282,25.43,53.08,28.47,10.34,19.92,-9.57,37.33,54.91,14.84,heating,0,19.83
283,27.45,48.81,30.62,9.34,20.89,-11.55,37.33,54.91,10.15,heating,0,21.14
284,21.29,50.06,28.12,9.45,-0.62,10.07,100.0,100.0,29.43,cooling,0,-1.28
285,28.64,54.34,34.07,10.67,21.64,-10.97,37.33,54.91,14.43,heating,0,21.13
286,19.73,55.38,27.05,11.64,8.8,2.84,81.43,91.49,24.25,cooling,0,8.22
287,23.66,52.16,17.51,10.05,13.61,-3.56,63.72,80.01,17.07,heating,0,13.04
288,25.27,48.09,32.58,10.96,5.78,5.18,92.06,100.0,29.68,cooling,0,4.51
289,24.6,54.58,21.09,8.23,17.92,-9.69,37.33,54.91,11.1,heating,0,17.18
290,22.63,59.5,29.94,8.72,13.5,-4.78,44.12,56.62,17.82,heating,0,13.6
291,23.54,62.69,33.81,9.89,3.07,6.82,98.66,100.0,31.19,cooling,0,2.3
292,22.92,53.8,27.29,7.95,0.07,7.88,100.0,100.0,31.32,cooling,0,-0.46
293,22.71,54.91,15.88,8.89,-2.46,11.34,100.0,100.0,30.26,cooling,0,-2.83
294,25.84,50.95,19.26,9.95,11.64,-1.69,66.17,83.06,24.03,hold,0,11.42
295,24.77,57.86,32.34,7.93,14.92,-6.99,42.84,59.26,14.57,heating,0,15.27
296,22.48,51.55,23.63,8.93,15.6,-6.66,51.41,66.72,15.61,heating,0,14.67
297,25.95,62.52,25.08,9.94,9.02,0.92,75.83,92.92,22.16,hold,0,8.89
298,24.66,44.31,29.05,10.17,0.14,10.04,100.0,100.0,30.85,cooling,0,0.01
299,25.76,55.32,28.69,11.59,4.2,7.39,100.0,100.0,29.04,cooling,0,4.12
300,25.36,60.42,26.25,10.46,19.88,-9.42,37.33,54.91,14.26,heating,0,18.91
301,22.18,59.52,23.4,9.54,5.89,3.65,92.88,100.0,25.25,cooling,0,5.41
302,22.77,78.89,22.79,11.61,11.26,0.35,65.28,79.84,20.31,hold,1,11.69
303,25.62,60.8,29.63,11.03,0.83,10.19,100.0,100.0,32.22,cooling,0,0.28
304,25.32,50.35,27.85,8.67,12.91,-4.23,53.11,63.6,17.62,heating,0,12.87
305,23.94,57.36,23.12,8.4,6.12,2.28,72.98,91.03,21.46,cooling,0,6.13
306,24.25,44.39,30.94,10.59,18.98,-8.39,37.33,54.91,13.52,heating,0,18.2
307,26.78,57.48,23.87,10.12,16.64,-6.52,41.46,58.14,11.67,heating,0,17.35
308,22.7,51.67,19.65,11.04,5.79,5.25,100.0,100.0,30.96,cooling,0,5.38
309,25.18,65.17,20.19,10.84,8.95,1.89,73.1,85.78,24.23,hold,0,8.8
310,23.55,53.86,18.9,10.38,5.32,5.07,98.89,100.0,31.59,cooling,0,3.86
311,23.52,57.2,23.03,11.84,-2.11,13.94,100.0,100.0,29.65,cooling,0,-2.2
312,26.39,53.19,31.82,10.02,2.7,7.32,100.0,100.0,33.39,cooling,0,2.43
313,25.79,71.52,19.92,8.32,11.72,-3.4,58.56,67.08,18.74,heating,0,12.23
314,25.76,55.62,25.72,11.2,12.81,-1.61,59.19,72.72,20.24,hold,0,12.32
315,26.84,72.25,20.78,8.88,11.3,-2.42,50.38,70.77,19.17,heating,0,10.61
316,24.04,64.39,23.1,10.99,7.45,3.54,88.45,100.0,29.77,cooling,0,6.56
317,25.48,61.82,15.8,11.72,18.01,-6.29,37.33,54.91,14.44,heating,0,17.53
318,23.31,60.95,23.33,10.67,10.57,0.1,73.64,94.59,23.48,hold,0,9.53
319,24.7,61.14,23.49,10.27,16.04,-5.78,37.33,54.91,13.79,heating,0,16.49
320,23.71,43.22,27.78,9.72,-5.14,14.86,100.0,100.0,31.43,cooling,0,-4.9
321,24.2,55.95,25.92,9.33,-23.51,32.84,100.0,100.0,28.58,cooling,0,-23.65
322,25.29,64.62,17.62,9.29,12.46,-3.17,55.01,72.59,18.11,heating,0,11.97
323,22.21,57.72,30.95,10.43,-2.15,12.58,100.0,100.0,31.51,cooling,0,-3.57
324,28.55,47.25,25.85,10.89,8.21,2.68,77.44,89.84,25.4,cooling,0,8.19
325,21.8,57.7,25.78,10.6,7.45,3.15,86.72,100.0,26.76,cooling,0,7.69
326,21.34,71.26,24.57,8.67,23.6,-14.93,37.33,54.91,10.68,heating,0,22.87
327,26.51,67.73,21.6,9.86,13.45,-3.59,50.95,69.59,17.6,heating,0,13.14
328,25.72,57.62,25.89,11.05,11.45,-0.4,69.36,81.26,19.18,hold,0,11.26
329,25.35,65.45,27.4,9.78,17.19,-7.4,37.33,54.91,15.12,heating,0,17.84
330,25.36,55.27,14.42,10.03,13.18,-3.15,48.21,61.74,15.0,heating,0,13.04
331,23.96,44.95,21.47,10.97,6.12,4.85,100.0,100.0,31.49,cooling,0,5.57
332,22.03,50.96,23.13,10.53,19.19,-8.66,37.33,54.91,13.32,heating,0,18.96
333,24.16,70.17,26.12,9.52,0.54,8.97,100.0,100.0,32.18,cooling,0,-0.7
334,22.51,55.98,31.59,11.47,12.79,-1.32,67.23,83.75,18.35,hold,0,11.59
335,26.12,56.22,20.11,8.52,-3.2,11.73,100.0,100.0,32.65,cooling,0,-4.02
336,23.67,55.79,21.71,11.87,11.77,0.1,73.53,91.19,23.66,hold,0,11.78
337,22.19,72.8,21.63,8.35,11.68,-3.33,54.57,70.2,16.1,heating,0,11.18
338,23.29,70.65,19.94,7.93,24.36,-16.43,37.33,54.91,10.7,heating,0,23.7
339,24.89,75.23,22.59,11.45,-3.35,14.8,100.0,100.0,30.33,cooling,0,-4.06
340,22.76,56.87,29.12,8.85,4.89,3.96,86.75,100.0,24.43,cooling,0,4.31
341,22.2,60.38,18.47,10.8,17.06,-6.26,37.33,54.91,15.64,heating,0,17.64
342,24.52,46.39,27.12,11.13,12.9,-1.77,54.65,69.21,20.37,hold,0,12.51
343,24.52,69.5,14.68,11.32,11.57,-0.25,74.39,89.45,24.22,hold,0,10.69
344,22.88,49.08,21.34,11.86,1.86,10.0,100.0,100.0,30.55,cooling,0,1.29
345,22.96,59.77,22.7,9.05,4.98,4.07,95.26,100.0,29.18,cooling,0,5.26
346,24.5,49.63,34.4,10.73,20.68,-9.95,37.33,54.91,13.72,heating,0,20.13
347,20.83,53.55,23.02,8.33,9.59,-1.26,62.0,80.0,23.12,hold,0,8.6
348,20.92,51.64,11.76,9.51,13.24,-3.73,48.15,63.15,14.3,heating,0,12.66
349,22.42,53.41,12.95,11.28,9.05,2.23,77.28,87.06,21.95,cooling,0,8.6
350,23.52,53.94,24.82,9.35,-0.09,9.43,100.0,100.0,34.1,cooling,0,-0.27
351,24.67,53.87,28.2,10.25,18.01,-7.77,37.33,54.91,10.15,heating,0,18.28
352,27.21,64.53,26.81,9.9,14.33,-4.44,47.43,64.66,13.21,heating,0,13.59
353,25.86,49.57,25.6,10.47,29.74,-19.28,37.33,54.91,11.71,heating,0,28.82
354,23.64,59.8,31.41,11.78,1.35,10.43,100.0,100.0,27.88,cooling,0,0.63
355,23.95,67.5,21.47,8.09,17.06,-8.97,37.33,54.91,14.42,heating,0,17.17
356,21.8,54.14,29.85,10.18,-1.18,11.36,100.0,100.0,32.71,cooling,0,-2.35
357,23.95,52.56,15.09,11.34,11.38,-0.04,73.23,88.45,21.82,hold,0,10.59
358,23.36,56.32,19.34,9.81,18.38,-8.57,37.33,54.91,14.76,heating,0,17.81
359,24.69,67.21,14.07,8.19,-7.69,15.87,100.0,100.0,33.9,cooling,0,-7.57
360,22.19,59.6,23.01,10.12,8.28,1.85,88.71,100.0,27.39,hold,0,7.93
361,25.12,54.0,24.35,9.2,5.21,3.99,98.13,100.0,29.54,cooling,0,5.08
362,27.33,61.84,25.29,8.49,4.03,4.46,94.53,100.0,33.88,cooling,0,4.22
363,23.75,49.59,24.98,11.28,13.32,-2.04,55.6,68.4,19.12,heating,0,12.82
364,24.87,63.36,19.2,9.97,19.61,-9.65,37.33,54.91,12.71,heating,0,18.75
365,25.49,61.25,23.51,11.62,8.89,2.73,81.72,100.0,28.24,cooling,0,7.81
366,23.12,55.72,15.87,11.11,11.79,-0.68,70.38,88.26,22.72,hold,0,10.39
367,24.48,51.63,32.58,10.66,11.01,-0.35,77.38,86.79,23.2,hold,1,10.27
368,24.02,51.25,22.85,7.89,10.05,-2.16,61.31,74.02,19.55,heating,0,9.52
369,24.2,62.23,21.76,9.59,0.72,8.87,100.0,100.0,33.08,cooling,0,0.58
370,22.3,67.59,33.9,8.66,19.51,-10.84,37.33,54.91,10.15,heating,0,19.2
371,24.04,53.18,17.37,11.53,12.55,-1.02,68.0,78.53,20.82,hold,0,11.86
372,25.08,61.64,18.05,8.57,13.41,-4.83,49.94,68.42,18.75,heating,0,13.08
373,27.15,41.99,18.22,9.02,3.13,5.89,89.53,100.0,26.84,cooling,0,2.2
374,26.08,53.59,24.22,9.95,6.1,3.84,87.15,100.0,30.24,cooling,0,6.14
375,28.68,57.86,27.14,8.93,8.52,0.4,76.77,95.84,26.86,hold,1,7.77
376,22.32,51.08,28.94,8.71,-3.09,11.8,100.0,100.0,30.87,cooling,0,-4.15
377,25.89,50.87,39.64,10.28,-4.4,14.68,100.0,100.0,29.86,cooling,0,-4.39
378,24.39,52.94,11.48,8.23,4.89,3.33,74.52,94.19,22.78,cooling,0,4.83
379,28.76,60.36,28.18,8.1,14.5,-6.39,37.33,55.63,17.53,heating,0,13.55
380,22.23,56.65,21.37,9.37,4.45,4.92,94.25,100.0,33.02,cooling,0,4.29
381,22.16,40.82,21.2,10.77,1.32,9.45,100.0,100.0,31.25,cooling,0,0.37
382,22.68,41.73,21.0,10.1,3.06,7.04,100.0,100.0,29.78,cooling,0,2.27
383,19.36,53.42,19.31,9.57,6.14,3.43,89.7,100.0,28.14,cooling,0,5.6
384,22.84,61.63,34.46,10.14,7.0,3.14,89.05,100.0,28.2,cooling,0,6.72
385,22.34,36.89,29.54,9.34,28.55,-19.21,37.33,54.91,10.15,heating,0,28.27
386,24.32,54.24,24.76,11.63,19.05,-7.41,37.33,54.91,12.36,heating,0,18.75
387,,,,8.09,18.79,-10.7,37.33,54.91,14.84,heating,0,18.33
388,28.08,68.82,15.79,10.58,20.02,-9.44,37.33,54.91,10.15,heating,0,20.02
389,26.06,55.13,16.85,11.45,1.49,9.96,100.0,100.0,32.65,cooling,0,0.92
390,22.73,61.06,11.9,11.1,-0.42,11.52,100.0,100.0,33.75,cooling,0,-0.06
391,22.03,59.19,20.54,8.61,0.57,8.04,100.0,100.0,29.88,cooling,0,0.29
392,25.06,41.65,25.56,9.06,21.44,-12.38,37.33,54.91,15.59,heating,0,20.68
393,21.11,64.03,25.22,10.75,5.35,5.4,93.36,100.0,27.63,cooling,0,4.49
394,27.98,59.76,25.49,8.21,-0.67,8.88,100.0,100.0,31.88,cooling,0,-1.07
395,26.56,62.02,16.38,11.13,6.34,4.79,89.34,100.0,27.19,cooling,0,6.51
396,22.97,88.41,29.31,10.76,7.99,2.77,88.1,100.0,26.82,cooling,0,8.11
397,20.26,42.01,26.02,10.8,12.32,-1.52,63.43,80.44,18.79,hold,0,11.65
398,26.94,71.41,28.9,8.27,12.18,-3.9,50.26,66.25,17.48,heating,0,11.5
399,23.74,55.88,13.57,10.76,2.95,7.81,100.0,100.0,32.7,cooling,0,1.83
400,26.69,60.32,26.44,10.6,15.89,-5.29,37.33,54.91,12.07,heating,0,15.86
401,20.51,57.75,17.68,11.21,4.56,6.65,99.99,100.0,28.28,cooling,0,5.04
402,22.68,54.82,22.3,8.04,8.69,-0.66,65.07,74.97,21.33,hold,0,8.59
403,24.0,53.7,27.74,7.96,15.9,-7.94,37.33,54.91,13.04,heating,0,14.89
404,24.09,60.64,25.15,9.37,4.54,4.83,93.15,100.0,28.51,cooling,0,3.64
405,23.01,46.39,19.65,8.47,5.16,3.31,91.15,100.0,32.08,cooling,0,4.3
406,25.35,63.89,24.66,10.11,15.09,-4.97,47.97,63.31,12.26,heating,0,14.4
407,21.66,54.89,15.68,11.56,2.7,8.86,100.0,100.0,26.57,cooling,0,1.88
408,23.68,49.38,31.34,9.44,6.74,2.7,83.75,98.46,24.66,cooling,0,6.43
409,24.25,54.63,23.42,11.27,14.78,-3.51,49.64,62.05,17.31,heating,0,14.82
410,25.11,67.81,31.15,7.87,27.59,-19.72,37.33,54.91,10.15,heating,0,27.72
411,25.54,53.97,21.55,8.55,15.21,-6.66,44.41,57.65,12.36,heating,0,15.23
412,21.54,60.87,21.56,7.99,14.07,-6.08,44.45,58.33,16.24,heating,0,12.8
413,20.65,52.46,20.16,9.19,14.57,-5.38,45.71,59.74,15.64,heating,0,13.7
414,26.78,63.95,29.74,11.52,0.85,10.67,100.0,100.0,31.75,cooling,0,0.29
415,24.71,63.39,20.48,8.26,11.02,-2.76,59.96,77.72,20.55,heating,0,10.77
416,22.36,72.37,28.38,10.31,9.78,0.53,64.23,78.84,19.42,hold,0,9.82
417,27.37,56.74,22.39,9.69,12.78,-3.09,53.27,71.34,16.22,heating,0,12.56
418,24.24,63.26,13.08,11.64,11.03,0.62,76.0,95.61,25.42,hold,0,10.56
419,26.56,58.86,21.29,8.36,13.28,-4.91,49.13,66.7,13.05,heating,0,13.17
420,24.14,68.1,17.73,8.72,7.37,1.36,80.13,96.73,20.75,hold,0,6.77
421,28.48,52.55,24.82,7.99,10.53,-2.54,58.76,74.74,17.76,heating,0,10.35
422,27.82,63.85,17.67,9.61,-0.47,10.08,100.0,100.0,32.86,cooling,0,-0.34
423,23.45,56.6,30.03,8.99,7.29,1.69,81.15,96.42,25.86,hold,0,6.76
424,26.11,57.6,24.09,11.37,21.92,-10.55,37.33,55.28,13.91,heating,0,21.62
425,25.4,58.81,23.58,10.3,12.76,-2.45,53.51,70.35,13.02,heating,0,12.46
426,26.97,60.05,28.45,10.34,9.85,0.49,72.75,86.67,23.45,hold,0,10.11
427,21.89,57.2,30.25,10.01,26.24,-16.23,37.33,55.02,13.51,heating,0,25.23
428,25.49,59.76,24.5,8.24,-1.61,9.84,100.0,100.0,28.3,cooling,0,-1.18
429,26.3,70.28,20.12,9.66,0.54,9.11,100.0,100.0,32.72,cooling,0,-0.53
430,20.16,65.71,14.26,11.89,24.67,-12.79,37.33,54.91,11.98,heating,0,23.88
431,21.41,64.81,20.61,11.23,10.42,0.8,73.64,89.13,29.23,hold,0,10.28
432,19.54,54.58,21.02,11.46,7.96,3.51,99.4,100.0,26.47,cooling,0,7.71
433,23.4,51.24,25.25,11.18,-0.22,11.4,100.0,100.0,33.74,cooling,0,-1.45
434,25.55,65.47,22.6,8.28,13.86,-5.57,40.33,56.39,12.31,heating,0,13.14
435,27.27,64.86,28.64,8.78,14.69,-5.9,38.52,55.32,10.15,heating,0,14.69
436,24.15,69.47,21.04,7.88,0.67,7.21,100.0,100.0,29.95,cooling,0,1.31
437,27.54,53.44,24.29,9.09,8.83,0.26,69.65,84.2,22.45,hold,0,9.13
438,20.98,56.33,31.53,8.31,7.16,1.15,68.69,80.35,23.68,hold,0,6.63
439,20.28,45.44,26.62,9.77,12.22,-2.45,55.03,73.93,20.95,heating,0,10.62
440,23.87,55.07,24.27,10.59,0.46,10.13,100.0,100.0,33.84,cooling,0,-0.03
441,24.83,65.79,21.1,11.39,20.73,-9.35,37.33,54.91,10.27,heating,0,20.62
442,23.92,54.5,20.92,10.88,17.86,-6.98,46.12,55.73,17.1,heating,0,17.33
443,19.48,63.04,19.65,11.64,6.92,4.72,100.0,100.0,31.78,cooling,0,5.75
444,23.8,56.63,21.46,8.09,8.18,-0.09,65.66,75.79,19.39,hold,1,7.91
445,21.15,60.6,29.03,7.92,8.86,-0.94,61.8,74.55,19.12,hold,0,8.02
446,25.45,49.24,23.32,10.53,3.38,7.15,100.0,100.0,29.58,cooling,0,3.75
447,24.79,58.76,16.74,9.03,6.24,2.79,92.9,100.0,28.94,cooling,0,6.44
448,21.94,35.01,34.95,8.89,7.72,1.17,75.02,88.07,22.05,hold,0,7.58
449,22.87,56.66,26.49,9.2,23.82,-14.62,37.33,54.91,10.15,heating,0,23.47
450,21.68,45.51,16.4,8.95,18.12,-9.17,37.33,54.91,13.16,heating,0,17.49
451,23.85,67.41,22.04,9.93,18.02,-8.1,37.33,54.91,13.46,heating,0,17.75
452,26.07,64.1,25.27,9.64,13.19,-3.55,55.68,71.48,17.33,heating,0,13.71
453,21.84,61.7,34.57,9.93,0.48,9.45,100.0,100.0,33.74,cooling,0,0.34
454,25.09,69.84,18.15,10.57,9.68,0.9,77.91,92.18,23.85,hold,0,9.31
455,22.83,50.77,30.32,9.43,18.33,-8.9,37.33,54.91,11.59,heating,0,18.51
456,22.26,71.59,32.79,8.88,-0.73,9.61,100.0,100.0,32.32,cooling,0,-1.0
457,23.76,65.3,20.95,8.54,15.47,-6.93,39.63,56.16,12.62,heating,0,15.44
458,21.73,56.27,23.0,9.27,29.89,-20.61,37.33,54.91,12.37,heating,0,29.84
459,22.78,66.87,18.57,10.85,19.11,-8.26,37.33,56.2,10.15,heating,0,19.07
460,21.38,49.56,23.43,10.91,22.12,-11.21,37.33,54.91,12.23,heating,0,22.16
461,28.27,51.73,24.41,10.55,11.9,-1.35,71.22,85.15,18.71,hold,0,11.59
462,24.07,53.4,28.47,8.81,18.31,-9.5,37.33,54.91,10.15,heating,0,17.92
463,22.46,54.02,30.99,10.23,3.89,6.34,100.0,100.0,28.33,cooling,0,2.99
464,24.46,49.94,20.25,10.16,16.83,-6.67,39.67,54.91,10.82,heating,0,16.26
465,23.75,67.54,13.13,9.82,15.63,-5.81,48.52,66.64,14.46,heating,0,14.5
466,23.51,56.1,24.5,10.08,12.51,-2.43,57.09,68.38,17.15,heating,0,11.7
467,25.33,60.82,26.33,9.85,21.28,-11.43,37.33,55.32,13.53,heating,0,20.52
468,25.64,53.7,26.08,10.14,5.42,4.72,94.46,100.0,29.78,cooling,0,4.63
469,22.83,44.04,22.71,10.75,8.43,2.32,88.0,100.0,23.6,cooling,0,8.62
470,22.73,60.18,25.35,8.31,10.85,-2.54,56.47,68.44,18.11,heating,0,10.44
471,23.39,43.34,33.47,10.88,1.23,9.66,100.0,100.0,31.64,cooling,0,0.79
472,18.97,57.57,26.85,8.42,11.97,-3.55,44.53,54.91,13.7,heating,0,11.8
473,20.69,47.54,22.44,8.14,-4.67,12.8,100.0,100.0,30.88,cooling,0,-4.37
474,26.97,73.44,21.7,11.79,18.98,-7.19,38.38,55.85,12.9,heating,0,18.47
475,27.58,65.14,23.63,11.72,10.43,1.29,74.84,89.73,24.98,hold,0,9.91
476,23.45,58.92,34.18,8.11,5.58,2.54,79.65,93.79,21.74,cooling,0,5.08
477,25.25,67.86,23.55,9.65,2.9,6.76,100.0,100.0,30.51,cooling,0,2.91
478,24.67,51.57,24.5,8.62,8.02,0.59,73.4,90.21,26.04,hold,0,8.3
479,30.7,62.3,21.8,9.82,15.91,-6.09,38.34,54.91,15.33,heating,0,16.06
480,26.43,59.64,31.04,11.21,14.71,-3.51,51.11,66.37,18.03,heating,0,15.05
481,23.71,60.14,36.07,11.69,4.0,7.69,100.0,100.0,32.07,cooling,0,3.48
482,21.91,67.92,27.25,10.42,2.8,7.62,100.0,100.0,34.31,cooling,0,2.09
483,20.49,63.75,25.1,9.29,15.65,-6.35,37.33,54.91,16.03,heating,0,15.96
484,24.43,60.33,24.83,10.3,3.85,6.44,100.0,100.0,30.74,cooling,0,3.51
485,22.34,45.32,10.7,9.12,10.54,-1.42,59.03,77.34,16.77,hold,0,9.82
486,20.89,50.69,28.97,11.53,11.09,0.44,70.96,84.42,21.75,hold,0,11.07
487,22.58,57.15,25.4,11.37,12.7,-1.33,64.9,80.52,26.66,hold,0,12.14
488,21.63,58.82,27.12,10.11,17.37,-7.25,37.33,54.91,10.15,heating,0,16.91
489,27.67,49.37,20.47,9.18,-0.77,9.94,100.0,100.0,30.06,cooling,0,-0.75
490,25.91,76.72,22.37,9.05,-6.31,15.36,100.0,100.0,28.17,cooling,0,-6.71
491,23.97,69.81,22.22,8.0,5.18,2.83,85.6,99.76,26.93,cooling,0,4.89
492,27.22,62.75,30.59,11.15,25.43,-14.28,37.33,54.91,10.15,heating,0,25.43
493,24.16,58.66,22.41,9.68,27.32,-17.64,37.33,54.91,11.98,heating,0,26.49
494,22.11,56.46,36.78,9.18,25.69,-16.51,37.33,54.91,10.15,heating,0,25.43
495,27.31,50.75,27.14,9.76,8.38,1.38,72.65,87.53,24.03,hold,0,8.71
496,25.16,58.7,17.17,11.16,-5.21,16.37,100.0,100.0,33.44,cooling,0,-6.08
497,21.73,60.09,23.87,8.37,-10.0,18.37,100.0,100.0,30.23,cooling,0,-10.14
498,23.58,48.51,20.81,11.32,4.78,6.54,96.72,100.0,29.75,cooling,0,3.77
499,22.08,60.68,11.8,11.48,8.34,3.14,87.31,100.0,26.87,cooling,0,8.25
500,20.98,56.9,33.96,11.68,21.15,-9.47,37.33,54.91,12.56,heating,0,21.28
501,26.01,43.37,28.73,9.47,17.45,-7.98,37.33,57.93,12.12,heating,0,17.07
502,28.15,51.46,27.73,8.74,11.97,-3.23,60.89,75.88,20.8,heating,0,12.79
503,20.94,54.91,25.59,9.37,2.42,6.95,100.0,100.0,33.47,cooling,0,2.35
504,25.22,72.67,16.55,9.21,1.82,7.39,100.0,100.0,29.37,cooling,0,1.64
505,22.57,62.4,21.8,8.58,12.2,-3.62,49.75,66.26,15.31,heating,0,12.24
506,22.93,47.79,29.54,10.31,15.99,-5.68,39.09,54.92,14.53,heating,0,16.23
507,22.7,61.85,18.48,9.79,13.38,-3.59,56.4,71.23,15.08,heating,0,12.51
508,22.11,46.15,9.83,11.35,1.18,10.17,100.0,100.0,27.06,cooling,0,0.7
509,24.1,66.46,23.29,8.0,15.59,-7.59,37.33,54.91,12.65,heating,0,15.58
510,22.18,54.46,23.79,10.46,13.67,-3.21,53.69,69.54,18.1,heating,0,13.1
511,24.58,57.38,25.41,10.94,0.88,10.06,100.0,100.0,29.56,cooling,0,0.58
512,23.88,68.34,28.87,10.92,3.32,7.6,100.0,100.0,29.84,cooling,0,3.35
513,23.47,48.16,28.34,11.43,15.92,-4.48,42.75,58.61,12.3,heating,0,15.43
514,22.01,47.31,26.13,10.8,8.02,2.78,83.07,97.96,24.19,cooling,0,7.45
515,22.73,53.59,31.6,11.6,23.62,-12.02,37.33,54.91,13.59,heating,0,22.82
516,25.64,66.12,15.75,9.21,14.31,-5.11,43.02,57.42,11.54,heating,0,13.22
517,25.08,46.37,27.57,9.89,5.87,4.02,88.67,100.0,27.07,cooling,0,5.76
518,21.86,36.24,28.28,7.93,9.94,-2.02,62.03,85.12,17.8,heating,0,9.55
519,24.21,54.62,17.38,7.9,10.57,-2.67,64.26,80.2,17.37,heating,0,10.23
520,25.63,62.36,15.84,8.84,3.8,5.03,99.0,100.0,32.44,cooling,0,2.76
521,20.35,67.37,20.26,8.28,2.23,6.05,100.0,100.0,29.96,cooling,0,1.5
522,25.17,54.52,20.76,8.92,16.03,-7.11,37.33,54.91,12.58,heating,0,16.38
523,22.55,54.92,29.02,8.58,17.26,-8.68,37.33,56.21,10.15,heating,0,16.99
524,25.23,67.01,21.03,7.98,15.19,-7.21,37.33,54.91,10.72,heating,0,15.03
525,22.33,43.67,19.62,11.53,22.99,-11.46,37.33,55.5,13.71,heating,0,22.7
526,20.06,55.1,21.05,7.9,5.4,2.51,89.41,100.0,33.0,cooling,0,4.18
527,20.44,59.57,31.15,10.83,24.35,-13.52,37.33,54.91,10.15,heating,0,24.21
528,24.09,61.57,24.7,8.48,2.33,6.15,98.75,100.0,30.22,cooling,0,1.15
529,24.56,54.16,23.57,11.54,1.37,10.17,100.0,100.0,31.82,cooling,0,0.37
530,22.02,58.37,23.98,11.46,-5.02,16.48,100.0,100.0,29.77,cooling,0,-6.0
531,25.38,38.89,32.17,10.5,6.22,4.28,90.22,100.0,29.76,cooling,0,5.61
532,20.37,53.02,20.24,10.57,5.72,4.85,93.58,100.0,27.34,cooling,0,4.9
533,23.85,61.6,32.3,7.89,14.53,-6.64,37.33,54.91,12.51,heating,0,14.34
534,21.35,50.52,25.85,11.83,12.12,-0.29,73.85,97.33,22.11,hold,1,11.11
535,22.57,58.56,23.68,11.4,-0.17,11.57,100.0,100.0,33.44,cooling,0,-0.21
536,24.09,61.55,39.23,11.47,6.67,4.8,93.3,100.0,27.64,cooling,0,6.5
537,22.11,55.46,18.46,10.52,6.85,3.67,89.8,100.0,27.24,cooling,0,6.17
538,23.15,59.42,22.55,9.26,-5.15,14.41,100.0,100.0,32.89,cooling,0,-5.83
539,26.18,50.67,17.42,11.46,1.64,9.82,100.0,100.0,28.94,cooling,0,0.84
540,22.73,56.5,30.18,9.04,3.44,5.6,100.0,100.0,31.14,cooling,0,2.67
541,25.81,62.81,34.48,10.13,22.29,-12.16,37.33,56.38,10.15,heating,0,21.28
542,21.53,59.31,34.37,8.27,11.67,-3.4,53.64,71.38,14.92,heating,0,10.85
543,25.14,53.57,31.77,11.58,15.69,-4.12,43.98,59.61,14.96,heating,0,15.87
544,27.13,59.83,23.47,8.44,-2.78,11.22,100.0,100.0,29.02,cooling,0,-3.03
545,18.6,63.62,22.49,8.77,20.24,-11.47,37.33,54.91,11.11,heating,0,20.65
546,22.25,42.27,14.86,10.11,21.15,-11.04,37.33,54.91,13.19,heating,0,20.65
547,25.25,67.05,36.51,10.94,-7.06,18.0,100.0,100.0,29.84,cooling,0,-7.59
548,23.55,55.5,27.36,10.36,4.0,6.36,100.0,100.0,32.65,cooling,0,3.19
549,24.8,61.38,21.75,8.8,14.27,-5.47,41.75,54.91,13.96,heating,0,13.9
550,22.67,67.34,32.38,7.87,15.54,-7.67,37.33,54.91,13.07,heating,0,14.98
551,24.18,47.51,18.94,10.91,4.23,6.68,100.0,100.0,33.48,cooling,0,3.76
552,23.65,52.62,26.99,11.83,7.42,4.41,86.97,100.0,27.73,cooling,0,6.89
553,26.54,55.87,23.61,11.13,4.92,6.2,97.22,100.0,33.25,cooling,0,4.13
554,24.54,52.05,28.35,9.72,10.97,-1.25,58.83,76.67,20.47,hold,0,11.28
555,24.73,71.49,24.25,11.5,20.27,-8.76,37.33,54.91,11.15,heating,0,20.93
556,23.09,51.49,16.15,9.52,3.44,6.08,100.0,100.0,33.59,cooling,0,3.41
557,22.93,53.81,25.06,9.98,18.59,-8.61,37.33,56.04,12.73,heating,0,18.58
558,23.05,59.68,30.75,9.79,3.35,6.44,99.99,100.0,30.21,cooling,0,3.12
559,24.85,48.82,24.45,9.67,2.78,6.89,96.81,100.0,30.6,cooling,0,3.18
560,23.07,55.05,29.15,10.99,17.03,-6.04,42.55,56.09,15.99,heating,0,17.1
561,24.62,60.55,18.51,9.99,17.91,-7.92,37.33,54.91,13.11,heating,0,17.38
562,28.51,55.53,24.47,9.14,17.31,-8.17,37.33,56.99,15.84,heating,0,17.36
563,25.89,57.38,20.97,8.91,-1.22,10.13,100.0,100.0,33.17,cooling,0,-1.36
564,23.28,54.01,28.98,8.02,6.05,1.98,84.07,100.0,27.27,hold,0,5.05
565,26.61,46.41,24.8,10.21,17.07,-6.85,37.33,54.91,10.15,heating,0,16.74
566,23.1,60.58,28.65,8.79,10.39,-1.59,61.75,79.59,19.17,hold,0,10.57
567,19.55,71.65,30.97,8.47,0.85,7.62,100.0,100.0,31.14,cooling,0,-0.69
568,21.79,58.24,28.66,10.5,13.95,-3.45,63.28,77.69,21.38,heating,0,12.85
569,19.91,59.84,26.22,10.61,3.92,6.69,100.0,100.0,32.27,cooling,0,3.15
570,23.22,63.45,18.79,10.89,25.37,-14.48,37.33,54.91,12.54,heating,0,25.13
571,24.03,48.3,24.6,9.89,23.24,-13.34,37.33,54.91,12.44,heating,0,22.2
572,27.64,71.24,21.51,11.46,15.2,-3.73,48.72,64.12,17.06,heating,0,14.89
573,24.7,59.66,22.61,11.63,21.67,-10.03,37.33,56.26,10.48,heating,0,21.93
574,23.51,70.7,22.43,11.12,10.58,0.53,69.89,81.47,25.36,hold,0,10.18
575,25.8,52.44,18.9,10.43,16.57,-6.15,37.33,54.91,10.15,heating,0,16.86
576,19.17,72.14,13.19,9.09,22.66,-13.57,37.33,54.91,15.11,heating,0,21.93
577,24.5,64.08,20.72,11.82,12.13,-0.31,63.11,78.39,19.84,hold,1,11.34
578,25.67,62.37,25.75,8.97,7.85,1.12,82.29,99.51,27.69,hold,0,7.81
579,20.77,59.91,16.75,8.68,-4.54,13.23,100.0,100.0,31.73,cooling,0,-4.85
580,26.48,56.18,24.71,9.65,9.32,0.33,71.74,88.4,23.22,hold,0,8.35
581,24.73,67.37,35.72,8.1,17.07,-8.97,37.33,54.91,13.31,heating,0,16.45
582,23.08,59.18,30.59,11.8,18.12,-6.31,37.33,54.91,13.82,heating,0,18.62
583,25.37,42.91,34.22,10.24,14.34,-4.11,50.82,67.49,15.59,heating,0,13.59
584,28.94,49.48,26.9,10.11,5.4,4.71,98.98,100.0,32.76,cooling,0,5.35
585,24.39,56.67,31.44,10.51,-6.87,17.38,100.0,100.0,28.83,cooling,0,-7.49
586,24.53,60.49,20.39,9.87,5.8,4.07,82.69,100.0,25.8,cooling,0,5.34
587,22.99,57.66,20.86,8.0,7.43,0.57,76.37,91.5,25.58,hold,0,7.12
588,22.14,67.51,8.62,10.33,7.35,2.98,86.51,97.5,28.94,cooling,0,5.73
589,25.8,43.04,31.55,10.75,15.32,-4.57,41.55,54.91,14.39,heating,0,14.38
590,22.12,59.21,33.62,9.55,27.01,-17.46,37.33,54.91,11.41,heating,0,26.58
591,24.15,44.07,21.39,10.91,11.09,-0.17,64.85,78.63,22.25,hold,0,10.34
592,22.95,63.96,23.14,8.78,8.18,0.61,69.41,80.47,20.48,hold,0,8.28
593,25.03,57.37,20.22,8.76,7.81,0.95,73.11,83.03,26.44,hold,0,6.62
594,24.72,61.34,26.85,8.52,11.09,-2.57,55.79,68.25,17.57,heating,0,11.09
595,26.25,51.43,31.19,9.37,2.95,6.42,98.83,100.0,27.57,cooling,0,1.74
596,22.88,67.98,14.44,11.27,11.06,0.22,67.3,82.28,18.8,hold,0,10.45
597,23.4,66.14,27.01,11.2,13.88,-2.69,55.42,68.92,17.71,heating,0,12.99
598,21.86,62.6,23.0,9.41,11.82,-2.41,58.77,74.37,18.91,heating,0,12.39
599,23.02,57.1,25.28,10.24,13.94,-3.7,49.9,68.02,19.91,heating,0,12.95
600,24.81,62.58,27.3,10.77,13.74,-2.97,60.94,77.12,17.2,heating,0,13.29
601,25.64,52.64,23.52,8.84,-5.12,13.96,100.0,100.0,31.08,cooling,0,-6.37
602,21.98,64.7,24.02,8.55,15.48,-6.93,37.33,55.11,10.15,heating,0,16.03
603,25.89,70.83,23.37,11.78,4.29,7.49,100.0,100.0,30.01,cooling,0,3.93
604,26.95,66.37,30.29,10.35,0.66,9.69,100.0,100.0,34.37,cooling,0,0.25
605,24.89,52.47,27.07,11.82,0.59,11.23,100.0,100.0,28.73,cooling,0,0.81
606,28.08,60.89,25.91,9.23,13.74,-4.51,39.98,54.91,14.17,heating,0,13.7
607,22.3,48.12,17.2,10.7,8.13,2.57,82.89,96.63,26.65,cooling,0,7.69
608,21.28,62.52,22.41,8.76,-4.35,13.12,100.0,100.0,30.95,cooling,0,-4.77
609,20.11,61.58,29.87,8.92,14.12,-5.2,38.41,59.14,13.56,heating,0,14.13
610,27.25,43.67,24.84,9.93,-2.28,12.21,100.0,100.0,28.68,cooling,0,-2.93
611,25.42,49.13,28.47,9.15,11.23,-2.07,59.21,78.97,22.08,heating,0,10.81
612,23.87,55.91,34.94,8.54,12.07,-3.53,51.21,66.32,20.21,heating,0,12.2
613,24.6,55.78,30.69,8.93,17.6,-8.67,37.33,54.91,12.29,heating,0,17.51
614,21.54,48.76,25.16,8.01,25.26,-17.25,37.33,54.91,17.05,heating,0,24.76
615,29.32,61.1,21.64,10.7,-1.64,12.34,100.0,100.0,30.2,cooling,0,-2.72
616,24.27,60.04,9.71,9.85,9.58,0.27,69.16,86.11,22.55,hold,0,9.93
617,24.23,56.6,23.64,8.25,7.67,0.58,75.57,92.57,26.54,hold,0,6.91
618,25.57,52.27,22.72,8.56,13.74,-5.18,42.36,59.68,12.79,heating,0,14.05
619,25.04,66.2,26.9,8.28,11.87,-3.59,43.68,57.58,11.34,heating,0,11.79
620,24.48,70.88,23.72,10.33,7.02,3.32,84.22,97.78,23.04,cooling,0,5.88
621,22.27,54.37,22.75,8.25,6.26,1.99,74.59,84.81,27.5,hold,0,6.46
622,25.02,53.37,14.23,10.9,0.48,10.42,100.0,100.0,29.94,cooling,0,0.1
623,28.09,61.89,19.13,7.95,18.48,-10.52,37.33,55.58,11.83,heating,0,18.96
624,26.92,55.34,27.4,8.87,13.96,-5.08,37.33,57.18,10.15,heating,0,13.75
625,27.46,57.02,34.64,11.45,17.88,-6.43,41.66,57.58,15.4,heating,0,18.0
626,22.88,63.81,24.05,10.76,7.38,3.38,81.35,94.05,23.84,cooling,0,5.99
627,21.83,43.36,26.53,8.16,4.41,3.75,96.54,100.0,28.98,cooling,0,3.55
628,23.72,68.28,30.18,11.17,0.81,10.36,100.0,100.0,31.6,cooling,0,-0.37
629,24.11,58.66,19.88,9.85,13.1,-3.25,47.53,57.15,13.13,heating,0,12.66
630,26.38,54.92,26.76,11.27,1.14,10.13,100.0,100.0,30.64,cooling,0,0.88
631,20.3,57.41,20.3,10.28,25.84,-15.55,37.33,54.91,15.0,heating,0,25.05
632,27.32,57.81,29.67,10.61,-1.15,11.76,100.0,100.0,31.86,cooling,0,-1.15
633,23.65,44.74,25.5,11.86,12.37,-0.51,66.99,82.09,21.36,hold,0,11.5
634,23.06,69.64,26.36,8.8,23.43,-14.62,37.33,54.91,12.63,heating,0,23.49
635,21.78,58.42,20.05,10.38,15.15,-4.77,42.63,54.91,13.01,heating,0,15.51
636,20.38,61.52,28.75,9.72,11.53,-1.81,61.24,76.29,23.36,hold,0,11.6
637,25.78,65.45,36.79,8.03,1.75,6.28,100.0,100.0,29.38,cooling,0,1.06
638,24.15,50.22,18.73,7.93,-1.78,9.71,100.0,100.0,31.42,cooling,0,-3.33
639,21.18,61.76,22.64,8.35,16.61,-8.26,37.33,54.91,12.43,heating,0,16.62
640,21.17,56.03,25.97,10.48,22.91,-12.43,37.33,54.91,14.22,heating,0,22.44
641,23.26,64.64,29.21,10.15,6.28,3.87,83.55,96.1,28.27,cooling,0,5.29
642,27.63,41.68,21.35,10.09,0.29,9.8,100.0,100.0,30.94,cooling,0,-0.44
643,23.42,57.33,8.08,8.0,-10.99,18.99,100.0,100.0,31.58,cooling,0,-10.58
644,20.71,53.45,32.56,9.76,1.64,8.11,100.0,100.0,31.66,cooling,0,0.46
645,23.45,61.44,29.06,11.59,9.06,2.53,89.98,100.0,23.45,cooling,0,8.68
646,23.4,61.73,14.44,9.47,23.7,-14.23,37.33,55.87,10.15,heating,0,23.43
647,18.11,52.64,21.07,10.38,15.79,-5.4,43.08,57.8,12.72,heating,0,15.22
648,23.87,52.6,33.78,11.0,12.64,-1.63,65.6,82.86,19.56,hold,0,12.53
649,23.49,57.25,33.08,11.02,6.61,4.41,95.98,100.0,27.4,cooling,0,6.8
650,25.51,51.18,30.1,9.96,5.04,4.91,96.78,100.0,31.53,cooling,0,4.34
651,28.02,64.6,23.59,11.32,22.05,-10.73,37.33,56.75,12.2,heating,0,21.67
652,26.45,55.25,25.1,9.44,11.75,-2.3,57.87,68.61,17.93,heating,0,11.77
653,23.4,35.66,23.86,11.44,-7.95,19.39,100.0,100.0,28.49,cooling,0,-7.86
654,21.58,55.21,31.21,8.84,4.27,4.56,91.09,100.0,28.24,cooling,0,3.64
655,29.6,50.08,19.51,9.0,2.69,6.3,100.0,100.0,25.75,cooling,0,2.08
656,24.12,45.51,19.91,8.08,5.36,2.72,85.45,100.0,26.31,cooling,0,3.77
657,24.02,48.55,30.52,11.07,14.84,-3.77,52.58,66.94,16.9,heating,0,14.11
658,,,,9.55,9.11,0.44,76.15,90.38,24.33,hold,0,8.08
659,24.42,68.36,32.67,8.79,9.37,-0.58,56.84,73.67,14.92,hold,0,9.45
660,23.68,60.52,20.7,8.8,21.26,-12.46,37.33,54.91,12.65,heating,0,20.81
661,22.74,53.42,24.3,11.49,4.08,7.42,100.0,100.0,28.92,cooling,0,3.31
662,22.8,61.62,19.23,11.22,25.97,-14.75,37.33,54.91,10.57,heating,0,25.53
663,23.92,54.56,24.66,10.1,4.29,5.8,91.38,100.0,29.85,cooling,0,3.33
664,22.81,52.74,15.99,10.35,10.79,-0.45,75.56,88.94,27.7,hold,1,11.05
665,22.44,49.19,21.77,9.78,7.63,2.15,81.13,93.33,25.44,cooling,0,7.76
666,24.22,44.58,16.23,9.44,11.09,-1.64,64.24,77.36,18.64,hold,0,11.51
667,23.43,55.09,28.67,11.55,13.83,-2.28,66.97,80.92,21.47,heating,0,13.7
668,27.27,59.32,28.8,8.37,13.74,-5.36,45.98,59.52,16.67,heating,0,13.54
669,18.21,57.35,14.52,9.55,3.59,5.96,100.0,100.0,32.24,cooling,0,3.69
670,26.37,54.89,32.41,9.26,0.43,8.83,100.0,100.0,36.49,cooling,0,-0.39
671,26.71,50.8,39.2,9.87,31.43,-21.56,37.33,54.91,10.77,heating,0,30.53
672,19.47,62.8,24.89,9.71,5.89,3.82,88.95,100.0,28.19,cooling,0,4.97
673,23.24,47.93,20.88,9.96,16.01,-6.05,37.33,54.91,15.3,heating,0,16.04
674,23.18,64.09,41.11,8.43,-3.72,12.15,100.0,100.0,33.97,cooling,0,-4.56
675,20.92,50.36,16.92,9.93,7.64,2.29,69.79,84.61,18.04,cooling,0,7.13
676,22.29,52.29,24.74,8.84,8.94,-0.1,71.66,85.93,22.49,hold,1,7.69
677,21.57,46.78,25.67,8.61,14.07,-5.46,42.08,58.44,16.59,heating,0,14.04
678,27.81,54.23,32.48,8.13,-13.25,21.38,100.0,100.0,36.78,cooling,0,-14.18
679,26.03,65.63,26.72,10.94,11.45,-0.51,68.53,82.75,22.97,hold,0,10.59
680,26.76,62.08,21.71,9.59,0.2,9.39,100.0,100.0,30.26,cooling,0,0.34
681,25.56,65.65,19.07,10.39,12.8,-2.41,67.58,81.17,19.25,heating,0,12.97
682,21.53,62.13,22.62,10.79,1.17,9.63,100.0,100.0,35.44,cooling,0,0.76
683,22.85,49.58,18.74,10.6,2.72,7.89,100.0,100.0,32.46,cooling,0,2.26
684,25.06,55.55,24.9,9.76,7.69,2.07,75.53,90.63,21.96,cooling,0,7.02
685,21.33,52.08,21.33,9.43,1.03,8.4,100.0,100.0,30.59,cooling,0,0.05
686,25.54,68.37,15.89,9.38,5.96,3.42,94.02,100.0,29.83,cooling,0,5.23
687,23.47,48.86,31.95,10.44,-0.17,10.62,100.0,100.0,32.09,cooling,0,-1.46
688,23.17,65.0,21.71,9.86,-5.64,15.5,100.0,100.0,29.2,cooling,0,-5.94
689,25.54,64.99,17.21,11.28,18.73,-7.45,37.33,54.91,10.97,heating,0,18.52
690,24.96,72.22,23.64,11.39,-1.05,12.44,100.0,100.0,27.69,cooling,0,-2.0
691,23.2,54.94,25.02,8.56,8.5,0.05,63.02,79.74,21.98,hold,0,8.95
692,26.52,63.6,14.42,8.42,16.47,-8.05,37.33,54.91,11.52,heating,0,16.6
693,21.63,75.71,26.56,10.4,4.77,5.63,96.98,100.0,31.03,cooling,0,4.49
694,25.33,53.33,18.5,9.08,2.97,6.11,100.0,100.0,33.84,cooling,0,2.18
695,25.28,46.25,34.61,7.94,11.96,-4.02,51.45,64.86,16.87,heating,0,11.72
696,23.32,43.59,27.68,11.44,19.59,-8.15,37.33,54.91,11.97,heating,0,19.6
697,24.7,63.6,22.28,8.78,0.03,8.75,100.0,100.0,31.39,cooling,0,-0.4
698,21.26,43.56,20.27,11.61,8.75,2.86,82.01,97.5,25.73,cooling,0,8.98
699,26.0,55.23,24.01,10.75,-4.78,15.54,100.0,100.0,33.49,cooling,0,-5.27
700,23.59,61.48,28.2,10.94,6.67,4.27,98.27,100.0,31.1,cooling,0,5.77
701,22.85,59.53,24.47,8.68,10.32,-1.64,68.58,85.35,20.49,hold,0,10.2
702,26.28,61.38,23.35,8.81,2.72,6.09,93.61,100.0,31.18,cooling,0,1.63
703,22.45,59.82,24.96,9.97,6.12,3.84,96.76,100.0,32.49,cooling,0,5.94
704,20.92,67.97,21.09,8.56,-2.01,10.57,100.0,100.0,28.32,cooling,0,-3.2
705,20.6,50.75,22.62,9.1,10.69,-1.59,62.85,74.56,22.92,hold,0,10.58
706,25.31,52.87,12.44,9.16,19.06,-9.89,37.33,54.91,12.93,heating,0,18.48
707,21.2,52.14,30.31,8.51,0.65,7.86,100.0,100.0,31.57,cooling,0,0.3
708,27.82,64.51,26.36,8.69,4.71,3.99,93.2,100.0,30.97,cooling,0,4.69
709,19.45,65.05,20.1,11.04,14.33,-3.29,55.93,67.76,16.65,heating,0,13.95
710,27.69,61.58,35.71,8.54,20.39,-11.85,37.33,54.91,14.11,heating,0,19.57
711,24.45,67.24,25.13,7.98,-2.74,10.72,100.0,100.0,30.25,cooling,0,-3.64
712,23.78,49.01,18.57,10.4,8.59,1.81,78.79,92.26,21.69,hold,0,7.74
713,22.8,70.97,29.62,11.79,12.45,-0.66,62.2,66.3,17.67,hold,0,11.09
714,24.86,69.86,26.94,9.2,9.16,0.04,68.56,89.83,22.7,hold,0,9.35
715,23.91,63.78,26.92,8.35,-11.15,19.49,100.0,100.0,29.11,cooling,0,-11.39
716,26.4,71.86,22.13,10.16,14.31,-4.15,46.07,58.76,18.04,heating,0,13.53
717,24.24,45.31,27.25,11.51,23.02,-11.51,37.33,54.91,14.58,heating,0,23.4
718,24.32,54.05,23.09,11.02,11.03,-0.01,68.35,81.87,24.17,hold,0,10.26
719,23.2,52.42,27.87,10.37,1.21,9.16,100.0,100.0,31.25,cooling,0,0.78
720,23.87,63.67,13.5,9.14,5.64,3.49,79.36,88.68,25.32,cooling,0,4.8
721,24.66,49.99,22.09,10.05,25.16,-15.11,37.33,54.91,10.15,heating,0,23.77
722,20.26,63.95,34.68,8.24,17.81,-9.57,37.33,57.64,14.19,heating,0,16.8
723,21.05,68.68,20.14,10.6,15.5,-4.9,43.93,55.53,14.94,heating,0,14.95
724,25.61,63.47,21.09,10.78,13.08,-2.29,57.68,72.92,19.44,heating,0,13.2
725,24.36,60.29,22.0,11.75,4.38,7.37,98.93,100.0,34.06,cooling,0,3.96
726,23.59,50.47,17.53,8.92,8.32,0.6,74.79,91.69,22.23,hold,0,7.94
727,24.03,51.56,11.72,7.94,9.36,-1.42,66.14,81.52,20.59,hold,0,7.99
728,24.75,67.75,23.27,10.06,14.73,-4.67,49.14,65.66,16.4,heating,0,15.07
729,22.81,64.12,25.41,10.71,22.93,-12.22,37.33,54.91,10.33,heating,0,22.67
730,22.29,57.8,24.31,11.05,19.59,-8.54,37.33,56.23,11.82,heating,0,19.21
731,24.42,54.87,23.77,8.65,-2.11,10.75,100.0,100.0,31.99,cooling,0,-2.01
732,21.86,42.46,24.87,8.92,11.95,-3.02,55.67,64.79,17.05,heating,0,12.21
733,24.88,49.83,30.59,9.93,16.33,-6.4,41.44,55.27,16.05,heating,0,16.66
734,20.28,72.86,23.51,9.2,15.32,-6.12,37.33,54.91,10.15,heating,0,14.92
735,26.23,48.21,21.27,11.33,4.65,6.68,98.93,100.0,32.92,cooling,0,3.59
736,25.02,59.56,22.98,9.77,34.95,-25.17,37.33,54.91,13.52,heating,0,34.87
737,24.55,65.88,28.0,11.08,-0.89,11.97,100.0,100.0,29.86,cooling,0,-2.06
738,26.13,48.41,32.87,10.2,0.77,9.44,100.0,100.0,29.15,cooling,0,1.25
739,27.62,59.53,20.95,10.98,12.03,-1.05,70.61,86.4,18.02,hold,0,11.65
740,26.2,65.34,25.2,9.21,28.13,-18.92,37.33,54.91,10.61,heating,0,27.19
741,19.98,58.2,26.6,11.21,2.88,8.33,100.0,100.0,33.09,cooling,0,1.61
742,21.2,80.24,18.82,8.97,7.76,1.22,76.73,85.19,23.91,hold,0,6.62
743,22.63,45.22,24.74,10.07,19.24,-9.18,37.33,54.91,14.52,heating,0,19.01
744,24.05,66.27,16.06,8.73,9.88,-1.15,64.42,81.8,19.09,hold,0,9.51
745,25.12,56.77,14.29,9.78,7.17,2.61,79.65,94.32,26.31,cooling,0,6.11
746,22.41,64.06,26.76,9.15,14.87,-5.72,46.96,60.35,13.65,heating,0,14.37
747,24.4,61.51,22.38,8.94,12.36,-3.42,60.03,76.42,17.08,heating,0,11.32
748,22.34,52.44,25.8,11.76,18.84,-7.08,37.33,54.91,11.98,heating,0,18.83
749,22.66,59.87,24.52,8.51,21.07,-12.56,37.33,57.39,10.87,heating,0,20.7
750,20.92,43.76,18.92,11.04,12.65,-1.62,59.28,77.98,15.7,hold,0,12.04
751,21.98,62.76,24.36,11.83,12.52,-0.7,65.59,83.47,20.31,hold,0,11.41
752,21.04,60.4,17.42,7.95,11.86,-3.91,52.97,70.25,17.11,heating,0,11.36
753,21.86,63.03,32.74,10.68,14.21,-3.53,47.3,58.43,17.73,heating,0,13.68
754,26.29,66.27,16.7,8.89,10.5,-1.62,58.08,75.07,20.3,hold,0,10.4
755,21.92,60.94,23.48,8.03,10.02,-1.99,62.59,78.72,22.22,hold,0,9.72
756,29.73,59.24,18.53,9.49,20.26,-10.77,37.33,54.91,13.64,heating,0,20.47
757,25.07,51.3,27.95,11.63,22.99,-11.36,37.33,54.91,12.86,heating,0,22.42
758,24.39,52.6,22.68,7.92,-2.86,10.78,100.0,100.0,28.54,cooling,0,-4.24
759,22.12,67.26,21.59,10.23,10.12,0.12,87.01,100.0,27.4,hold,1,9.98
760,25.52,69.19,29.6,9.89,4.14,5.74,100.0,100.0,32.19,cooling,0,3.1
761,22.74,56.26,24.79,11.38,7.37,4.01,88.71,100.0,30.53,cooling,0,6.24
762,24.26,58.46,27.64,8.21,13.47,-5.26,48.03,61.61,16.78,heating,0,13.19
763,29.57,51.12,18.89,10.61,15.75,-5.14,43.66,61.03,16.58,heating,0,15.74
764,23.78,67.15,16.42,10.6,9.07,1.53,82.0,99.82,23.54,hold,0,8.28
765,,,,10.56,-6.33,16.89,100.0,100.0,30.35,cooling,0,-6.94
766,22.46,73.09,22.76,11.66,1.78,9.88,100.0,100.0,31.86,cooling,0,1.0
767,23.91,51.32,28.28,11.18,17.7,-6.52,37.33,54.91,14.52,heating,0,18.15
768,27.85,55.18,24.15,8.04,-13.4,21.44,100.0,100.0,30.71,cooling,0,-13.58
769,22.62,59.89,25.82,9.76,20.18,-10.42,37.33,54.91,12.03,heating,0,19.37
770,27.94,63.09,15.14,9.47,14.49,-5.02,40.21,57.85,14.44,heating,0,13.87
771,25.53,56.44,35.65,9.12,21.28,-12.17,37.33,54.91,10.15,heating,0,20.87
772,22.76,51.36,23.66,9.68,8.33,1.35,75.7,94.55,26.92,hold,0,7.98
773,25.37,64.9,28.69,9.41,-7.6,17.01,100.0,100.0,29.24,cooling,0,-7.69
774,26.11,63.67,19.74,9.61,13.71,-4.1,49.23,60.81,11.93,heating,0,13.53
775,25.35,51.03,26.42,11.81,20.93,-9.12,37.33,54.91,12.22,heating,0,20.22
776,20.57,68.56,17.01,8.23,17.94,-9.71,37.33,54.91,15.6,heating,0,17.4
777,22.4,67.13,27.26,11.58,4.36,7.21,100.0,100.0,32.17,cooling,0,4.09
778,23.45,59.14,22.54,9.8,10.77,-0.97,63.62,78.53,21.59,hold,0,9.82
779,23.83,58.71,24.79,10.38,5.47,4.9,94.76,100.0,29.51,cooling,0,4.66
780,25.34,62.38,28.7,11.21,3.03,8.18,100.0,100.0,30.7,cooling,0,2.77
781,24.38,51.45,17.42,9.32,18.2,-8.88,37.33,54.91,10.15,heating,0,18.39
782,21.08,58.33,20.62,9.6,-0.21,9.81,100.0,100.0,26.48,cooling,0,-0.88
783,24.82,41.48,27.29,9.52,2.39,7.13,98.36,100.0,30.9,cooling,0,1.65
784,25.32,64.87,36.87,9.38,0.59,8.79,100.0,100.0,33.63,cooling,0,-0.58
785,25.21,46.05,23.81,11.59,-2.71,14.3,100.0,100.0,31.69,cooling,0,-2.89
786,26.35,69.71,28.07,11.2,11.28,-0.08,68.68,84.26,22.85,hold,0,11.56
787,25.81,55.55,24.0,8.31,19.96,-11.65,37.33,59.1,15.37,heating,0,20.99
788,24.99,56.47,35.96,8.3,8.45,-0.14,66.13,81.61,21.5,hold,1,8.31
789,23.84,53.25,14.42,9.59,-2.84,12.43,100.0,100.0,30.75,cooling,0,-3.34
790,20.37,55.88,25.17,8.27,17.21,-8.94,37.33,60.34,10.56,heating,0,16.44
791,24.93,69.05,15.13,10.36,24.44,-14.08,37.33,54.91,16.24,heating,0,23.14
792,24.44,38.89,9.98,8.45,4.5,3.94,97.24,100.0,31.22,cooling,0,4.02
793,24.58,67.96,26.36,9.97,5.94,4.03,96.12,100.0,27.95,cooling,0,6.53
794,21.21,60.71,25.43,7.9,14.44,-6.54,37.33,54.91,10.15,heating,0,14.84
795,21.63,48.78,22.96,9.14,23.9,-14.75,37.33,54.91,14.71,heating,0,24.04
796,26.29,49.8,24.0,10.59,5.59,5.01,94.96,100.0,27.41,cooling,0,5.17
797,23.9,71.04,42.71,9.82,-1.36,11.18,100.0,100.0,34.71,cooling,0,-1.68
798,25.48,50.8,23.11,11.8,15.43,-3.63,47.89,58.91,10.15,heating,0,13.94
799,24.05,49.2,27.6,11.38,16.86,-5.48,43.34,57.82,16.85,heating,0,16.95
800,24.05,66.88,20.83,9.31,10.08,-0.77,64.01,76.84,21.18,hold,0,9.43
801,26.04,60.71,26.34,8.05,5.26,2.79,76.81,92.88,24.28,cooling,0,4.55
802,22.87,50.86,23.23,11.27,18.53,-7.26,44.65,60.65,14.04,heating,0,18.01
803,24.2,59.77,22.22,11.53,14.54,-3.01,49.03,65.48,19.49,heating,0,14.07
804,22.98,50.18,35.24,11.17,3.46,7.71,100.0,100.0,32.41,cooling,0,2.49
805,23.04,66.6,31.49,8.38,10.45,-2.07,50.97,64.15,14.48,heating,0,10.2
806,23.32,66.29,25.42,11.88,-1.53,13.41,100.0,100.0,27.56,cooling,0,-2.31
807,24.47,62.21,11.16,8.91,15.89,-6.98,37.33,55.09,12.55,heating,0,15.74
808,22.95,60.89,22.51,10.78,7.79,2.99,80.84,99.05,25.25,cooling,0,6.54
809,26.73,71.7,40.41,11.52,6.3,5.22,99.01,100.0,27.66,cooling,0,5.62
810,22.04,58.1,23.27,8.82,9.75,-0.93,64.0,74.4,20.09,hold,0,8.81
811,23.58,48.98,31.06,11.52,10.37,1.15,81.53,94.35,24.31,hold,0,9.5
812,23.03,61.57,33.04,9.11,17.68,-8.57,37.33,55.47,12.22,heating,0,17.49
813,27.14,74.2,25.9,11.8,15.08,-3.29,50.62,69.27,17.64,heating,0,14.02
814,24.42,50.27,19.7,9.0,8.69,0.31,71.92,84.15,25.56,hold,0,7.88
815,26.24,55.31,10.4,11.7,16.56,-4.86,46.63,62.56,16.81,heating,0,16.57
816,20.75,61.31,28.62,8.09,13.46,-5.37,46.24,66.74,13.43,heating,0,12.43
817,24.57,57.68,19.86,10.72,6.38,4.34,91.77,100.0,29.27,cooling,0,6.72
818,25.93,50.52,25.65,10.01,8.96,1.05,76.18,95.44,23.98,hold,0,9.14
819,24.17,66.76,17.32,9.79,8.76,1.03,73.92,91.92,20.51,hold,0,8.08
820,26.31,76.01,23.07,8.77,14.35,-5.58,42.67,54.94,14.6,heating,0,13.77
821,22.86,59.61,24.82,10.71,6.89,3.81,95.56,100.0,33.38,cooling,0,6.36
822,27.06,51.12,26.19,8.64,6.69,1.95,82.96,98.06,25.95,hold,0,5.55
823,29.0,46.14,18.11,10.09,26.86,-16.77,37.33,54.91,10.15,heating,0,25.53
824,23.2,60.09,31.61,8.89,18.06,-9.18,37.33,55.08,12.26,heating,0,17.56
825,23.02,66.62,21.13,11.71,3.53,8.18,100.0,100.0,28.57,cooling,0,2.85
826,27.16,61.77,14.84,7.99,14.91,-6.93,37.33,54.91,13.93,heating,0,14.83
827,27.43,58.08,23.98,8.67,11.04,-2.37,52.73,63.79,17.87,heating,0,10.54
828,22.85,53.55,24.82,8.84,13.38,-4.53,53.68,62.11,16.76,heating,0,13.67
829,23.07,49.67,25.56,9.53,11.2,-1.67,47.74,63.26,14.66,hold,0,10.22
830,23.38,64.54,32.57,8.81,20.2,-11.4,37.33,54.91,11.77,heating,0,19.32
831,21.06,65.15,23.24,9.85,12.99,-3.14,60.01,75.86,19.02,heating,0,12.79
832,21.99,46.17,23.92,11.38,9.5,1.88,72.57,84.69,21.23,hold,0,8.44
833,21.8,70.37,18.18,10.73,18.94,-8.21,37.33,54.91,10.15,heating,0,18.02
834,22.32,62.53,29.41,10.2,12.02,-1.82,57.48,74.63,20.52,hold,0,11.72
835,23.91,68.9,25.7,8.23,11.07,-2.84,53.95,65.19,16.41,heating,0,10.26
836,24.5,47.74,22.17,10.66,12.71,-2.06,64.45,75.06,20.67,heating,0,12.24
837,27.37,47.56,13.5,8.54,9.23,-0.69,67.54,82.54,21.83,hold,0,8.57
838,21.81,56.95,33.06,11.03,10.11,0.92,64.44,84.82,20.98,hold,0,9.27
839,26.14,61.98,17.45,8.88,5.01,3.86,84.43,100.0,23.98,cooling,0,3.54
840,23.52,71.97,21.17,9.55,3.61,5.94,100.0,100.0,27.65,cooling,0,3.08
841,23.88,63.55,26.71,9.28,1.49,7.79,100.0,100.0,29.82,cooling,0,0.32
842,25.46,56.23,17.63,11.32,-1.87,13.19,100.0,100.0,31.79,cooling,0,-2.41
843,21.54,50.18,15.9,8.38,2.51,5.87,100.0,100.0,29.54,cooling,0,1.63
844,24.82,67.6,12.22,10.14,8.54,1.6,76.31,89.01,23.18,hold,0,8.0
845,24.35,50.65,28.83,8.44,10.91,-2.47,70.16,78.73,26.3,heating,0,10.4
846,25.06,70.67,21.44,10.7,7.71,2.99,85.09,100.0,22.84,cooling,0,7.3
847,24.62,55.9,41.72,11.51,-10.11,21.62,100.0,100.0,29.49,cooling,0,-10.78
848,29.34,70.38,18.81,9.62,23.49,-13.88,37.33,54.91,15.99,heating,0,23.86
849,22.6,63.34,19.24,9.83,19.32,-9.49,37.33,54.91,12.11,heating,0,18.09
850,22.83,57.04,21.32,11.6,13.84,-2.24,66.82,82.33,19.63,heating,0,13.24
851,22.63,54.09,26.04,9.96,26.34,-16.37,37.33,54.91,14.54,heating,0,26.31
852,22.78,55.47,21.87,9.83,1.67,8.16,100.0,100.0,31.11,cooling,0,1.33
853,22.6,61.41,28.2,10.19,26.17,-15.97,37.33,54.91,11.5,heating,0,25.24
854,26.58,58.7,18.91,10.64,1.78,8.86,100.0,100.0,31.38,cooling,0,0.87
855,27.09,53.52,16.55,8.3,12.07,-3.77,46.34,63.03,13.59,heating,0,11.4
856,22.75,56.82,14.12,11.17,-0.86,12.03,100.0,100.0,28.97,cooling,0,-1.09
857,22.18,58.71,11.63,9.62,10.16,-0.53,66.27,81.49,20.65,hold,0,9.36
858,25.02,41.67,21.59,8.16,13.33,-5.17,42.54,59.92,11.74,heating,0,13.27
859,22.79,61.64,22.86,11.03,8.71,2.32,79.67,85.39,24.92,cooling,0,8.32
860,25.37,50.54,20.93,9.39,16.13,-6.75,37.37,54.91,12.92,heating,0,17.13
861,24.43,49.2,31.88,8.27,10.88,-2.6,64.13,79.06,21.95,heating,0,10.66
862,,,,10.42,5.56,4.85,92.76,100.0,31.08,cooling,0,4.53
863,27.36,44.25,22.66,11.41,5.18,6.22,100.0,100.0,30.19,cooling,0,3.9
864,27.91,47.64,14.14,11.44,16.96,-5.52,46.01,57.64,15.8,heating,0,16.58
865,22.65,52.63,21.31,11.72,4.44,7.28,100.0,100.0,31.99,cooling,0,3.75
866,23.14,73.18,21.12,11.36,17.86,-6.5,37.33,54.91,12.85,heating,0,16.48
867,24.61,54.04,20.78,7.88,20.48,-12.61,37.33,56.86,11.24,heating,0,19.84
868,24.72,59.47,20.55,9.4,-4.24,13.64,100.0,100.0,28.94,cooling,0,-4.51
869,25.43,61.19,20.8,11.16,19.72,-8.56,37.33,54.91,13.2,heating,0,19.19
870,28.37,59.11,22.36,9.34,27.65,-18.3,37.33,54.91,10.15,heating,0,27.77
871,23.6,57.5,20.91,10.29,12.18,-1.9,67.68,84.58,20.77,hold,0,10.96
872,22.25,48.87,25.84,10.31,15.15,-4.84,42.16,58.2,10.15,heating,0,15.21
873,20.98,69.3,26.72,9.34,18.9,-9.56,37.33,60.27,10.15,heating,0,19.02
874,22.4,72.05,19.3,11.51,7.67,3.83,92.37,100.0,26.96,cooling,0,7.52
875,23.92,45.11,32.04,9.89,11.59,-1.7,58.79,72.4,20.83,hold,0,10.46
876,27.9,50.19,18.9,9.74,-1.21,10.94,100.0,100.0,32.38,cooling,0,-1.47
877,22.86,55.94,15.17,11.88,11.22,0.66,74.14,87.96,22.13,hold,0,10.37
878,24.48,50.65,26.84,9.85,14.29,-4.43,40.49,54.91,14.6,heating,0,13.38
879,23.95,62.01,19.85,8.59,14.44,-5.86,43.02,58.14,15.68,heating,0,14.0
880,26.58,52.48,26.5,9.93,19.14,-9.21,37.33,54.91,11.88,heating,0,18.46
881,29.5,74.81,10.58,11.14,3.41,7.74,100.0,100.0,28.23,cooling,0,3.39
882,22.83,67.29,32.75,10.99,5.48,5.52,94.23,100.0,28.85,cooling,0,5.14
883,22.92,59.74,28.55,11.04,26.24,-15.2,37.33,56.88,12.0,heating,0,25.22
884,26.27,66.03,15.86,10.72,8.74,1.97,86.72,97.44,24.55,hold,0,7.87
885,25.48,66.64,15.98,8.89,11.74,-2.85,58.24,67.04,19.21,heating,0,11.24
886,28.02,53.75,34.39,11.34,9.46,1.88,74.0,85.54,23.76,hold,0,9.05
887,25.26,51.8,20.31,11.46,3.0,8.46,100.0,100.0,31.89,cooling,0,2.95
888,23.21,58.7,19.75,8.65,23.91,-15.26,37.33,54.91,12.76,heating,0,23.87
889,25.28,64.75,11.39,8.39,5.52,2.88,86.35,100.0,28.37,cooling,0,5.08
890,26.41,59.17,22.57,11.79,0.39,11.4,100.0,100.0,30.64,cooling,0,-0.22
891,25.78,45.93,23.29,11.36,6.18,5.18,91.71,100.0,28.92,cooling,0,4.76
892,25.1,51.9,28.8,11.46,-7.08,18.55,100.0,100.0,30.2,cooling,0,-6.79
893,26.32,57.53,16.45,11.43,4.46,6.97,100.0,100.0,29.83,cooling,0,3.68
894,26.54,57.52,15.74,10.05,1.75,8.3,100.0,100.0,33.68,cooling,0,2.03
895,27.0,73.33,27.25,10.47,15.31,-4.84,56.58,70.22,13.89,heating,0,15.08
896,25.4,47.4,30.5,10.06,4.27,5.79,99.13,100.0,32.49,cooling,0,4.72
897,23.63,62.0,15.44,8.08,17.62,-9.54,37.33,54.91,10.96,heating,0,17.67
898,24.31,69.6,30.94,10.87,21.99,-11.12,37.33,55.1,10.7,heating,0,20.94
899,26.62,75.64,24.84,9.9,16.71,-6.81,37.33,54.91,12.72,heating,0,16.23
900,22.21,54.98,31.0,10.47,8.19,2.29,75.83,85.89,20.77,cooling,0,7.63
901,24.79,61.89,24.21,9.89,11.24,-1.35,69.22,83.04,20.13,hold,0,10.38
902,23.13,62.5,9.89,9.85,-3.01,12.86,100.0,100.0,29.3,cooling,0,-3.67
903,24.05,59.61,23.73,8.56,8.89,-0.33,64.46,77.91,19.9,hold,1,7.86
904,26.78,57.34,30.81,8.99,2.67,6.32,99.28,100.0,29.18,cooling,0,2.17
905,24.41,61.47,19.4,8.51,15.97,-7.46,37.33,54.91,15.4,heating,0,15.88
906,,,,8.66,32.03,-23.37,37.33,54.91,15.79,heating,0,30.99
907,21.03,63.37,23.59,11.78,14.3,-2.52,60.98,73.51,15.25,heating,0,14.8
908,25.62,59.07,7.69,8.49,-6.99,15.48,100.0,100.0,32.09,cooling,0,-7.31
909,25.4,56.38,34.38,8.95,6.94,2.01,80.11,92.8,26.75,cooling,0,6.1
910,28.71,73.9,19.36,10.24,11.08,-0.83,58.83,71.03,19.74,hold,0,10.03
911,23.32,52.89,27.57,10.32,10.78,-0.45,75.93,86.09,22.46,hold,0,10.3
912,24.47,54.99,24.11,8.49,3.78,4.71,91.02,100.0,27.82,cooling,0,3.15
913,24.53,73.47,31.96,11.06,12.13,-1.07,67.34,80.63,19.7,hold,0,12.09
914,27.43,51.68,26.99,11.03,-0.59,11.62,100.0,100.0,30.16,cooling,0,-1.1
915,23.78,53.85,23.25,8.82,1.95,6.87,100.0,100.0,28.58,cooling,0,0.79
916,24.6,56.96,19.4,9.03,15.55,-6.52,38.85,54.91,12.43,heating,0,16.18
917,25.32,64.59,29.28,11.64,1.35,10.29,100.0,100.0,27.99,cooling,0,1.04
918,24.4,59.7,13.68,11.19,14.63,-3.44,53.56,65.74,16.67,heating,0,14.16
919,23.02,48.12,28.39,10.68,-1.68,12.35,100.0,100.0,28.5,cooling,0,-2.1
920,24.41,53.99,18.2,8.2,25.12,-16.92,37.33,54.91,12.61,heating,0,24.97
921,26.33,53.41,31.93,9.55,3.41,6.14,100.0,100.0,29.64,cooling,0,2.15
922,21.75,57.5,25.56,10.12,8.12,2.0,80.57,100.0,25.75,cooling,0,7.66
923,24.28,61.39,28.38,8.62,12.86,-4.23,49.99,65.5,18.16,heating,0,12.36
924,22.46,61.33,25.1,9.67,5.2,4.48,92.74,100.0,32.0,cooling,0,4.87
925,26.6,44.39,14.39,10.29,11.26,-0.97,58.78,68.7,13.58,hold,0,10.6
926,20.67,66.31,19.59,9.19,14.95,-5.76,37.33,54.91,10.53,heating,0,14.39
927,22.77,60.05,28.55,11.01,18.24,-7.23,37.33,55.8,11.59,heating,0,18.79
928,24.81,68.79,25.59,11.25,16.8,-5.55,46.34,64.79,15.82,heating,0,17.11
929,27.4,61.53,31.52,9.17,8.56,0.61,77.19,94.19,20.86,hold,0,6.52
930,23.85,66.6,26.98,11.24,8.78,2.47,86.54,98.15,25.0,cooling,0,8.79
931,22.78,61.7,18.97,8.29,30.11,-21.83,37.33,54.91,12.46,heating,0,29.56
932,28.09,68.49,19.97,11.24,18.15,-6.91,37.33,54.91,12.37,heating,0,17.62
933,20.83,62.13,25.22,8.48,2.15,6.34,96.54,100.0,30.72,cooling,0,1.05
934,19.2,57.34,11.11,8.2,10.88,-2.68,57.44,69.08,19.12,heating,0,10.0
935,24.95,75.64,34.39,10.45,7.16,3.29,87.1,100.0,27.81,cooling,0,6.31
936,22.9,64.96,27.2,9.77,8.87,0.89,73.36,90.99,23.39,hold,0,7.86
937,21.76,62.53,31.79,11.52,-0.48,12.0,100.0,100.0,31.11,cooling,0,-1.71
938,25.53,48.25,15.39,9.33,6.51,2.82,84.17,100.0,27.58,cooling,0,5.53
939,24.52,48.15,31.89,9.02,25.52,-16.49,37.33,54.91,10.15,heating,0,25.29
940,22.76,60.36,37.65,9.88,14.98,-5.1,41.31,58.66,16.48,heating,0,14.75
941,21.2,59.22,16.91,9.7,-11.27,20.97,100.0,100.0,26.59,cooling,0,-11.34
942,25.89,53.36,29.12,9.25,20.43,-11.18,37.33,54.91,10.15,heating,0,20.14
943,25.41,59.19,24.63,10.66,19.35,-8.69,37.33,54.91,11.75,heating,0,18.44
944,23.77,70.36,15.6,10.92,6.96,3.97,85.97,99.92,28.14,cooling,0,6.68
945,28.02,63.47,27.5,11.3,16.16,-4.86,43.94,58.99,10.15,heating,0,15.46
946,21.66,49.29,29.49,11.78,2.68,9.1,100.0,100.0,30.94,cooling,0,2.38
947,20.66,57.24,21.11,8.94,6.01,2.93,84.45,100.0,27.92,cooling,0,4.87
948,22.48,51.89,31.43,10.75,22.84,-12.09,37.33,54.91,14.19,heating,0,22.12
949,23.89,55.11,14.89,9.45,7.71,1.75,72.5,84.73,21.35,hold,0,7.12
950,24.52,54.91,15.89,10.59,-5.96,16.55,100.0,100.0,30.4,cooling,0,-6.01
951,23.46,54.41,25.42,9.78,9.49,0.29,68.21,83.59,20.23,hold,0,9.17
952,24.76,48.41,24.77,11.86,9.36,2.51,82.03,99.29,24.82,cooling,0,8.86
953,21.26,57.11,20.44,10.8,20.28,-9.48,37.33,54.91,10.15,heating,0,20.87
954,27.14,53.77,29.35,11.7,10.15,1.55,80.28,100.0,23.3,hold,0,8.77
955,23.81,35.48,27.72,11.23,6.43,4.8,85.86,100.0,27.63,cooling,0,5.4
956,26.43,73.95,29.63,11.5,18.97,-7.47,37.33,54.91,12.46,heating,0,18.2
957,24.74,66.51,23.9,11.14,11.06,0.08,70.08,84.79,23.01,hold,0,9.75
958,24.99,55.19,28.14,9.72,3.62,6.1,94.43,100.0,29.76,cooling,0,2.74
959,25.23,58.25,22.02,8.88,19.91,-11.02,37.33,54.91,13.61,heating,0,19.98
960,24.97,49.05,36.61,9.36,11.69,-2.33,58.58,76.63,20.33,heating,0,11.07
961,25.39,71.19,19.87,7.95,10.06,-2.1,60.31,75.28,15.61,heating,0,9.59
962,26.89,72.75,36.91,9.98,11.55,-1.57,58.59,75.89,16.87,hold,0,10.41
963,24.42,59.31,24.82,9.9,0.88,9.02,100.0,100.0,30.54,cooling,0,-0.05
964,25.54,66.0,16.59,9.98,5.52,4.46,100.0,100.0,30.95,cooling,0,4.69
965,23.79,59.45,32.61,11.79,10.06,1.72,77.23,89.82,22.83,hold,0,9.88
966,27.13,47.78,25.36,11.53,8.37,3.17,87.61,100.0,29.11,cooling,0,7.03
967,22.52,54.92,29.59,8.52,20.91,-12.39,37.33,54.91,16.16,heating,0,20.34
968,27.92,59.12,31.77,9.35,11.89,-2.54,56.02,70.05,18.18,heating,0,12.19
969,23.9,54.59,26.59,9.57,17.34,-7.77,37.33,54.91,12.37,heating,0,16.87
970,20.87,56.41,21.16,9.32,10.11,-0.79,60.62,74.56,20.88,hold,0,8.66
971,24.27,57.39,30.32,11.08,19.06,-7.98,37.33,54.91,10.15,heating,0,19.43
972,22.51,57.48,24.62,9.98,13.43,-3.45,54.77,68.82,17.49,heating,0,13.43
973,25.82,58.5,28.63,10.17,10.14,0.03,67.53,86.71,23.22,hold,0,10.22
974,22.57,49.91,12.04,11.3,9.92,1.38,64.02,76.57,18.92,hold,0,8.66
975,23.02,52.56,27.23,11.11,1.87,9.24,100.0,100.0,28.55,cooling,0,2.05
976,19.87,48.18,20.89,8.4,14.36,-5.96,40.0,54.91,12.63,heating,0,13.69
977,23.0,65.65,34.28,10.74,9.69,1.05,82.0,98.26,25.48,hold,0,8.88
978,18.71,41.84,28.26,9.62,5.74,3.88,91.28,100.0,26.57,cooling,0,4.73
979,20.54,67.01,26.02,9.05,19.49,-10.44,37.33,54.91,16.39,heating,0,19.61
980,25.65,68.8,27.46,8.07,-0.66,8.73,100.0,100.0,30.04,cooling,0,-1.22
981,25.7,55.77,18.79,9.83,6.42,3.41,83.46,96.5,23.73,cooling,0,6.21
982,24.92,38.0,34.1,9.3,18.82,-9.52,37.33,54.91,12.01,heating,0,18.6
983,21.88,55.31,36.25,8.88,12.73,-3.85,55.48,68.18,19.46,heating,0,12.31
984,23.89,57.6,26.91,10.66,9.62,1.04,75.16,90.5,23.58,hold,0,8.68
985,23.98,50.3,33.91,10.96,12.18,-1.21,69.6,81.02,22.85,hold,0,12.62
986,21.46,54.12,21.3,8.85,11.56,-2.71,49.83,62.84,14.2,heating,0,10.53
987,27.27,69.91,19.96,8.07,-2.94,11.01,100.0,100.0,33.98,cooling,0,-3.13
988,25.9,63.23,24.86,11.28,7.04,4.24,94.8,100.0,30.56,cooling,0,6.66
989,23.51,50.96,27.16,7.91,23.85,-15.94,37.33,54.91,14.29,heating,0,24.05
990,24.05,45.77,22.32,11.64,4.39,7.24,100.0,100.0,31.73,cooling,0,4.48
991,24.44,55.58,27.76,10.39,7.31,3.08,85.89,100.0,28.42,cooling,0,6.72
992,19.54,56.45,26.41,9.16,5.4,3.76,90.78,100.0,26.49,cooling,0,5.04
993,23.45,61.93,18.79,8.86,9.29,-0.43,63.55,83.17,19.08,hold,0,9.82
994,22.5,53.97,27.65,7.91,5.04,2.86,90.69,100.0,30.9,cooling,0,4.45
995,21.81,62.05,29.66,8.82,14.19,-5.38,37.33,54.91,15.32,heating,0,13.44
996,23.38,73.04,25.62,8.42,11.72,-3.29,57.69,74.11,16.01,heating,0,11.18
997,27.91,64.4,31.35,10.33,16.64,-6.31,42.54,56.66,14.26,heating,0,15.79
998,25.39,57.73,17.51,8.54,1.04,7.5,100.0,100.0,30.14,cooling,0,0.72
999,22.74,56.69,27.35,10.0,7.12,2.88,94.29,100.0,27.89,cooling,0,7.02
1000,25.24,55.35,17.79,10.24,8.1,2.14,81.87,100.0,26.13,cooling,0,7.56
1001,27.04,67.21,18.11,9.07,13.93,-4.86,48.98,69.5,17.98,heating,0,12.89
1002,26.01,53.26,20.94,8.01,3.25,4.76,86.18,100.0,27.76,cooling,0,3.35
1003,24.12,58.45,19.12,8.02,17.86,-9.84,37.33,54.91,11.56,heating,0,16.72
1004,22.58,58.5,21.42,7.98,20.17,-12.2,37.33,54.91,13.23,heating,0,19.08
1005,25.51,54.23,23.37,10.84,1.58,9.27,100.0,100.0,30.28,cooling,0,0.96
1006,24.85,47.5,29.51,9.15,5.83,3.32,81.6,100.0,26.31,cooling,0,5.52
1007,25.94,60.59,22.74,11.07,5.48,5.59,94.85,100.0,32.25,cooling,0,5.15
1008,25.37,57.63,15.36,9.61,32.54,-22.93,37.33,54.91,10.15,heating,0,31.99
1009,26.28,61.96,31.28,9.69,6.35,3.34,91.82,100.0,30.14,cooling,0,6.71
1010,22.82,53.98,19.73,9.93,24.37,-14.44,37.33,54.91,10.15,heating,0,24.0
1011,26.86,67.52,24.28,10.74,-0.8,11.54,100.0,100.0,33.46,cooling,0,-0.73
1012,24.42,51.33,27.23,8.97,1.57,7.4,100.0,100.0,29.73,cooling,0,1.42
1013,28.51,71.32,25.79,8.36,4.16,4.2,86.31,100.0,24.46,cooling,0,3.14
1014,22.49,44.61,31.01,10.11,2.8,7.31,100.0,100.0,32.39,cooling,0,2.11
1015,27.77,61.46,27.42,9.18,7.74,1.44,69.94,85.36,22.71,hold,0,8.5
1016,24.42,61.77,19.59,9.65,3.97,5.68,95.27,100.0,27.58,cooling,0,3.17
1017,22.57,51.96,37.34,10.47,3.02,7.45,100.0,100.0,28.49,cooling,0,2.08
1018,22.94,61.38,25.75,9.86,19.93,-10.08,37.33,54.91,11.82,heating,0,19.71
1019,23.29,67.98,23.76,10.36,20.49,-10.13,37.33,54.91,10.15,heating,0,19.94
1020,24.91,40.99,30.25,10.06,18.15,-8.09,37.33,54.91,10.15,heating,0,17.51
1021,25.13,61.98,26.08,10.84,14.51,-3.67,50.73,67.39,16.45,heating,0,13.97
1022,22.74,38.85,26.95,10.71,10.82,-0.12,73.59,85.59,21.14,hold,0,11.04
1023,23.94,50.65,39.17,10.02,5.78,4.24,90.04,100.0,28.87,cooling,0,5.17
1024,28.66,70.68,23.01,10.6,1.88,8.72,100.0,100.0,33.98,cooling,0,0.75
1025,27.76,53.61,22.76,11.38,13.13,-1.75,66.97,79.34,20.79,hold,0,12.0
1026,24.94,49.04,25.3,9.61,-0.0,9.61,100.0,100.0,31.26,cooling,0,0.6
1027,24.07,56.57,30.88,9.53,1.53,8.0,100.0,100.0,35.04,cooling,0,0.87
1028,24.25,74.06,15.82,10.94,19.89,-8.95,37.33,54.98,10.15,heating,0,19.82
1029,25.33,43.96,13.14,10.21,26.28,-16.07,37.33,57.16,14.58,heating,0,25.5
1030,21.76,49.98,21.19,8.16,13.39,-5.24,39.42,54.91,14.97,heating,0,13.33
1031,23.43,69.66,15.08,11.46,19.49,-8.03,37.33,54.91,13.91,heating,0,19.93
1032,20.35,72.44,22.14,7.99,7.93,0.07,69.97,84.17,24.57,hold,1,7.15
1033,24.86,57.3,27.55,10.88,-1.41,12.29,100.0,100.0,31.56,cooling,0,-1.65
1034,25.4,48.53,19.42,10.92,15.26,-4.34,52.23,65.78,15.5,heating,0,14.24
1035,22.94,74.28,16.29,11.7,14.9,-3.2,58.09,74.38,20.62,heating,0,15.49
1036,27.42,70.41,25.02,8.09,10.64,-2.56,47.71,61.88,17.58,heating,0,10.64
1037,21.32,63.34,29.66,10.27,7.96,2.31,77.42,87.78,26.44,cooling,0,7.24
1038,20.8,51.83,14.72,9.59,18.26,-8.67,37.33,60.95,12.29,heating,0,17.79
1039,24.48,57.72,29.41,9.2,1.6,7.6,100.0,100.0,29.57,cooling,0,0.8
1040,26.27,56.86,29.39,8.23,3.41,4.82,96.37,100.0,30.29,cooling,0,2.68
1041,27.66,60.65,30.19,10.13,1.41,8.72,100.0,100.0,32.88,cooling,0,-0.29
1042,22.99,69.3,31.74,9.8,10.76,-0.96,62.25,78.03,21.72,hold,0,10.33
1043,26.34,64.89,37.48,8.29,0.73,7.56,100.0,100.0,30.14,cooling,0,0.17
1044,23.91,49.78,22.54,10.33,4.18,6.15,89.24,98.57,28.4,cooling,0,3.93
1045,23.61,68.73,25.26,10.84,4.0,6.84,100.0,100.0,28.38,cooling,0,3.13
1046,25.92,60.52,22.19,10.95,7.8,3.15,83.04,100.0,27.88,cooling,0,6.95
1047,25.41,63.4,24.63,11.51,-2.69,14.2,100.0,100.0,29.43,cooling,0,-3.13
1048,20.55,69.42,33.57,9.52,10.78,-1.26,61.07,77.17,20.89,hold,0,9.55
1049,27.21,49.52,16.77,11.7,20.69,-8.99,37.33,55.64,10.15,heating,0,20.52
1050,27.0,57.82,19.59,11.35,11.19,0.16,64.65,79.18,22.46,hold,0,9.93
1051,22.63,54.0,32.66,9.06,23.21,-14.15,37.33,54.91,12.84,heating,0,23.38
1052,24.85,46.0,30.58,8.51,21.44,-12.93,37.33,55.6,10.64,heating,0,21.47
1053,25.07,60.78,22.5,9.62,16.68,-7.06,37.33,57.32,13.58,heating,0,16.01
1054,24.56,77.49,29.61,9.49,10.67,-1.18,59.49,78.39,17.67,hold,0,10.68
1055,22.79,43.89,26.61,10.18,10.22,-0.04,69.07,80.87,23.22,hold,0,9.84
1056,22.53,57.85,33.38,10.22,16.56,-6.35,37.33,54.91,11.65,heating,0,15.8
1057,23.93,63.04,25.06,10.88,6.68,4.2,86.94,100.0,23.64,cooling,0,5.15
1058,26.55,59.05,30.61,9.92,-6.07,15.99,100.0,100.0,29.04,cooling,0,-6.26
1059,25.18,57.23,40.05,8.29,14.24,-5.95,43.52,59.69,13.2,heating,0,13.62
1060,23.18,48.07,28.11,11.32,0.36,10.96,100.0,100.0,33.74,cooling,0,0.36
1061,25.67,59.9,24.91,9.12,1.8,7.31,100.0,100.0,32.8,cooling,0,1.29
1062,17.78,52.26,28.84,11.77,10.03,1.74,73.72,93.78,26.37,hold,0,9.1
1063,26.49,41.19,22.49,8.34,9.22,-0.87,59.38,73.39,22.12,hold,0,9.87
1064,20.2,67.32,38.57,11.72,-2.04,13.77,100.0,100.0,29.93,cooling,0,-2.31
1065,23.2,65.5,25.67,8.24,11.44,-3.21,50.66,66.74,15.82,heating,0,9.35
1066,21.55,58.5,23.03,8.8,18.29,-9.49,37.33,57.98,11.38,heating,0,17.74
1067,21.17,59.87,19.74,8.06,0.38,7.67,99.66,100.0,29.56,cooling,0,-0.89
1068,26.52,66.39,31.03,10.7,20.91,-10.21,37.33,54.91,10.15,heating,0,20.25
1069,22.97,59.83,29.68,11.29,-3.31,14.6,100.0,100.0,30.97,cooling,0,-3.86
1070,24.75,65.08,21.72,9.61,28.13,-18.52,37.33,54.91,10.15,heating,0,27.87
1071,23.89,55.8,27.99,11.6,6.51,5.09,94.65,100.0,29.33,cooling,0,6.05
1072,25.03,68.23,15.81,10.24,11.28,-1.03,69.9,82.13,26.2,hold,0,11.39
1073,24.16,60.58,25.7,10.4,-6.15,16.55,100.0,100.0,29.98,cooling,0,-6.22
1074,21.19,59.6,27.26,11.27,9.5,1.77,90.57,100.0,28.56,hold,0,9.11
1075,26.16,48.3,34.59,9.06,11.98,-2.92,56.07,69.9,19.63,heating,0,11.81
1076,22.91,60.32,20.12,9.29,9.29,0.0,75.31,93.61,24.15,hold,0,9.46
1077,20.6,51.68,17.15,11.51,5.22,6.3,100.0,100.0,31.58,cooling,0,4.37
1078,23.06,53.17,19.39,11.49,1.94,9.55,100.0,100.0,30.28,cooling,0,1.21
1079,27.26,51.81,16.81,11.8,19.7,-7.9,37.33,54.91,11.74,heating,0,18.52
1080,25.84,49.87,32.43,11.5,10.29,1.2,77.67,94.64,22.38,hold,0,10.36
1081,23.23,74.5,33.66,8.38,23.2,-14.82,37.33,56.41,13.89,heating,0,22.79
1082,23.23,68.38,26.49,11.18,5.53,5.65,95.4,100.0,26.14,cooling,0,6.4
1083,23.29,72.93,31.75,9.52,6.31,3.21,86.86,100.0,29.0,cooling,0,5.58
1084,28.52,48.66,25.4,11.85,17.0,-5.15,50.43,61.0,13.32,heating,0,16.77
1085,24.82,58.65,24.06,9.77,-3.85,13.62,100.0,100.0,32.93,cooling,0,-4.0
1086,24.93,48.11,22.68,10.1,-0.35,10.44,100.0,100.0,30.29,cooling,0,-1.39
1087,26.24,52.73,22.81,10.0,19.41,-9.41,37.33,55.7,10.15,heating,0,19.36
1088,24.51,51.01,15.58,9.16,0.01,9.15,100.0,100.0,32.16,cooling,0,-0.48
1089,23.43,67.67,26.16,8.17,-5.52,13.69,100.0,100.0,32.86,cooling,0,-6.1
1090,23.56,55.04,24.38,11.47,26.01,-14.54,37.33,54.91,11.32,heating,0,26.17
1091,,,,11.1,-1.89,12.98,100.0,100.0,32.44,cooling,0,-2.82
1092,23.91,62.76,25.17,8.43,11.6,-3.17,51.71,59.78,11.94,heating,0,11.47
1093,25.58,75.88,23.67,10.99,10.62,0.37,80.55,95.85,22.52,hold,0,10.84
1094,24.1,46.68,19.53,10.39,-14.0,24.39,100.0,100.0,33.58,cooling,0,-14.59
1095,25.59,67.82,25.04,9.51,7.74,1.77,72.15,84.79,22.2,hold,0,7.23
1096,23.81,66.95,28.93,8.89,13.86,-4.97,52.78,66.71,13.11,heating,0,14.71
1097,24.16,50.59,17.94,11.33,13.06,-1.73,67.32,81.92,19.8,hold,0,12.85
1098,19.63,65.88,25.13,10.68,17.76,-7.07,37.33,54.91,10.35,heating,0,17.17
1099,25.99,60.7,25.98,10.07,6.72,3.35,86.55,98.89,26.63,cooling,0,6.64
1100,24.75,56.34,20.43,10.32,16.12,-5.8,38.8,54.91,11.9,heating,0,15.62
1101,26.17,51.74,21.19,8.24,4.14,4.1,91.91,100.0,28.93,cooling,0,2.88
1102,17.68,52.55,25.97,9.78,-2.03,11.8,100.0,100.0,30.86,cooling,0,-1.95
1103,28.54,73.92,18.0,8.65,-1.07,9.71,100.0,100.0,33.72,cooling,0,-2.02
1104,23.69,58.11,26.66,8.71,-2.47,11.18,100.0,100.0,31.85,cooling,0,-1.72
1105,26.41,64.14,19.39,10.53,18.66,-8.13,37.33,55.09,13.11,heating,0,18.2
1106,21.72,51.99,30.83,11.53,-2.92,14.45,100.0,100.0,33.33,cooling,0,-2.36
1107,25.33,52.08,38.27,9.49,12.37,-2.88,53.74,70.88,16.34,heating,0,11.41
1108,21.69,66.45,19.59,8.71,7.76,0.95,69.32,87.79,19.27,hold,0,7.85
1109,22.63,47.68,27.74,10.48,9.15,1.33,75.86,80.94,26.17,hold,0,8.91
1110,28.16,54.89,20.38,11.37,21.69,-10.32,37.33,54.91,12.47,heating,0,21.86
1111,23.57,58.36,30.7,10.88,6.28,4.6,95.61,100.0,29.96,cooling,0,6.16
1112,24.46,58.96,17.23,11.36,15.26,-3.9,61.37,76.01,18.14,heating,0,14.58
1113,25.89,56.72,27.43,10.03,10.35,-0.32,70.7,85.68,20.98,hold,1,9.3
1114,25.07,61.16,19.52,10.89,8.73,2.16,86.56,94.11,28.66,cooling,0,8.17
1115,24.32,63.45,23.41,8.43,29.69,-21.26,37.33,58.1,14.17,heating,0,29.33
1116,24.79,63.77,18.6,9.27,-2.29,11.56,100.0,100.0,32.57,cooling,0,-2.99
1117,29.23,50.49,29.42,9.44,21.05,-11.62,37.33,54.91,13.78,heating,0,20.98
1118,23.86,55.91,19.73,9.93,15.64,-5.72,44.07,63.47,15.36,heating,0,15.53
1119,24.43,67.32,27.84,11.6,5.93,5.67,93.41,100.0,29.29,cooling,0,4.91
1120,26.28,65.01,22.61,11.38,23.96,-12.58,37.33,54.91,11.85,heating,0,23.83
1121,26.4,47.5,23.95,8.41,-5.77,14.18,100.0,100.0,33.42,cooling,0,-6.26
1122,26.58,60.81,25.48,8.56,5.57,3.0,87.26,100.0,26.43,cooling,0,4.77
1123,25.38,42.83,20.17,9.31,-0.3,9.61,100.0,100.0,31.74,cooling,0,-0.4
1124,21.5,58.46,25.85,9.04,13.55,-4.51,49.73,66.71,14.31,heating,0,12.83
1125,27.55,72.75,33.56,10.34,0.51,9.83,100.0,100.0,29.68,cooling,0,-0.17
1126,21.49,50.78,20.08,11.5,13.73,-2.23,55.65,72.37,17.22,heating,0,13.37
1127,24.65,51.66,31.46,11.74,8.44,3.3,88.52,100.0,25.95,cooling,0,8.56
1128,22.35,64.0,33.37,10.5,5.93,4.57,100.0,100.0,32.6,cooling,0,5.36
1129,23.85,46.19,19.85,11.24,13.35,-2.11,64.53,79.85,17.66,heating,0,13.18
1130,24.71,53.22,16.12,9.98,7.73,2.25,83.91,97.09,26.37,cooling,0,7.08
1131,24.69,62.7,26.38,8.71,0.72,7.99,100.0,100.0,31.27,cooling,0,0.16
1132,24.91,53.2,21.42,9.98,33.98,-24.0,37.33,54.91,10.15,heating,0,33.4
1133,27.51,56.28,35.53,10.1,5.86,4.24,88.64,100.0,26.71,cooling,0,5.56
1134,24.98,63.85,24.82,10.85,-8.93,19.79,100.0,100.0,31.51,cooling,0,-9.4
1135,23.46,61.35,19.94,8.75,2.83,5.92,98.99,100.0,31.56,cooling,0,2.92
1136,26.09,60.16,17.92,9.35,-0.81,10.16,100.0,100.0,30.59,cooling,0,-1.45
1137,26.58,55.48,30.99,9.33,17.09,-7.76,37.33,54.91,13.55,heating,0,16.06
1138,21.31,60.96,21.28,11.73,12.78,-1.05,62.36,79.11,19.49,hold,0,13.7
1139,25.29,57.14,24.88,9.65,13.44,-3.78,47.06,58.79,15.15,heating,0,13.04
1140,25.52,61.63,30.2,10.91,6.87,4.04,99.91,100.0,31.48,cooling,0,6.9
1141,23.34,54.26,21.79,10.89,7.64,3.25,83.98,96.45,28.05,cooling,0,7.82
1142,26.99,56.69,24.35,8.94,6.86,2.08,81.16,95.49,24.0,cooling,0,6.92
1143,23.66,50.46,24.52,10.17,9.34,0.83,76.42,89.43,22.95,hold,0,8.76
1144,24.26,57.83,28.61,11.47,17.17,-5.71,37.33,56.21,10.86,heating,0,17.08
1145,23.61,51.84,28.07,9.78,12.9,-3.12,60.56,76.1,18.5,heating,0,11.87
1146,24.02,49.5,23.33,11.67,14.31,-2.64,60.0,80.55,21.85,heating,0,14.9
1147,21.6,60.1,24.99,8.73,14.3,-5.57,49.95,66.16,17.13,heating,0,13.52
1148,20.85,59.74,22.45,8.17,17.59,-9.42,37.33,54.91,10.15,heating,0,17.16
1149,27.47,64.14,15.99,11.45,12.49,-1.04,65.3,83.46,19.39,hold,0,12.19
1150,22.14,54.77,26.12,11.28,13.1,-1.82,61.09,71.57,20.07,hold,0,12.61
1151,21.83,61.25,35.67,11.86,20.19,-8.33,37.33,54.91,10.39,heating,0,19.53
1152,19.3,62.35,19.46,10.6,4.34,6.26,94.01,100.0,27.75,cooling,0,4.4
1153,22.6,61.53,20.11,11.64,2.71,8.92,100.0,100.0,33.69,cooling,0,2.59
1154,21.11,51.73,19.53,11.19,-0.11,11.3,100.0,100.0,29.77,cooling,0,-0.52
1155,27.57,59.25,28.85,11.26,11.59,-0.33,70.15,82.92,23.95,hold,1,11.01
1156,26.19,60.91,27.24,10.16,-5.82,15.98,100.0,100.0,33.51,cooling,0,-5.65
1157,22.49,58.16,23.69,9.41,13.98,-4.57,37.87,54.91,10.89,heating,0,13.54
1158,28.9,41.99,19.26,11.63,9.1,2.53,86.75,100.0,25.24,cooling,0,9.41
1159,26.13,59.34,25.16,9.61,19.73,-10.12,37.33,54.91,11.65,heating,0,19.54
1160,23.28,75.18,15.48,10.04,4.29,5.75,93.82,100.0,26.97,cooling,0,4.34
1161,18.54,55.32,25.46,9.66,8.29,1.37,83.21,96.06,26.21,hold,0,7.61
1162,28.98,52.48,29.71,10.14,19.62,-9.48,37.33,54.91,11.79,heating,0,19.47
1163,20.96,60.98,17.31,9.76,21.86,-12.09,37.33,56.03,12.92,heating,0,22.08
1164,20.4,60.51,15.67,8.06,4.21,3.85,88.41,100.0,30.32,cooling,0,4.75
1165,26.22,67.31,33.84,11.42,11.58,-0.17,82.56,95.24,27.4,hold,0,11.83
1166,29.31,48.39,21.05,9.66,12.55,-2.89,52.52,69.47,17.74,heating,0,12.8
1167,27.01,63.75,31.25,10.24,13.22,-2.99,63.79,77.63,16.2,heating,0,13.16
1168,25.22,62.66,23.72,8.43,7.78,0.64,72.92,90.59,23.76,hold,0,7.15
1169,,,,7.88,20.99,-13.1,37.33,59.91,15.64,heating,0,20.85
1170,25.85,60.71,27.18,8.86,-6.13,14.98,100.0,100.0,24.98,cooling,0,-6.94
1171,25.64,66.05,19.46,10.7,6.43,4.27,92.94,100.0,30.26,cooling,0,6.07
1172,,,,8.27,13.86,-5.59,37.33,54.91,11.88,heating,0,13.92
1173,24.22,49.28,22.39,11.52,13.94,-2.42,53.31,67.97,15.29,heating,0,12.63
1174,23.85,64.43,16.91,8.73,21.6,-12.86,37.33,54.91,13.8,heating,0,21.29
1175,22.35,57.6,26.59,8.69,20.27,-11.58,37.33,54.91,15.62,heating,0,20.15
1176,23.38,58.66,23.08,8.6,7.59,1.01,62.7,85.09,21.36,hold,0,7.24
1177,20.3,58.67,23.7,7.93,21.14,-13.22,37.33,54.91,11.46,heating,0,20.93
1178,23.78,56.94,17.55,10.97,3.92,7.05,100.0,100.0,29.11,cooling,0,2.65
1179,,,,11.39,17.99,-6.6,37.33,54.91,12.49,heating,0,17.3
1180,21.58,57.45,29.74,10.34,25.51,-15.17,37.33,54.91,13.95,heating,0,25.58
1181,24.38,49.46,30.25,8.63,20.42,-11.79,37.33,55.76,11.42,heating,0,20.12
1182,27.02,55.06,22.84,9.02,10.93,-1.92,66.49,79.91,20.37,hold,0,10.76
1183,25.99,59.48,14.52,9.78,7.19,2.59,85.14,92.61,32.19,cooling,0,6.44
1184,20.57,67.59,36.03,11.71,-3.04,14.75,100.0,100.0,33.16,cooling,0,-3.56
1185,21.83,62.76,24.26,8.86,12.69,-3.82,50.13,65.18,18.34,heating,0,11.22
1186,26.04,51.53,20.25,10.81,0.49,10.32,100.0,100.0,28.08,cooling,0,0.43
1187,21.85,77.29,27.05,9.64,3.25,6.39,99.87,100.0,29.55,cooling,0,3.53
1188,23.5,60.14,31.44,9.07,-0.15,9.22,100.0,100.0,31.15,cooling,0,-1.21
1189,25.19,67.95,24.49,9.7,6.09,3.61,91.1,100.0,26.33,cooling,0,5.09
1190,21.88,56.93,32.09,8.16,9.79,-1.63,61.1,72.6,22.53,hold,0,9.64
1191,24.22,62.22,30.94,11.08,12.37,-1.29,63.72,79.32,22.94,hold,0,12.71
1192,21.08,64.58,18.33,8.85,4.9,3.95,95.21,100.0,28.5,cooling,0,4.27
1193,22.68,67.5,20.69,10.79,19.17,-8.39,37.33,54.91,15.77,heating,0,18.25
1194,24.69,66.26,30.21,8.14,8.25,-0.11,69.55,86.89,21.86,hold,1,7.78
1195,20.52,64.83,8.78,11.71,3.29,8.41,100.0,100.0,36.18,cooling,0,2.12
1196,24.95,55.67,23.75,8.65,11.96,-3.32,55.56,70.69,17.96,heating,0,11.33
1197,23.95,53.69,16.26,11.42,26.82,-15.4,37.33,54.91,13.35,heating,0,26.24
1198,25.19,60.67,21.84,11.12,12.9,-1.77,65.65,79.2,23.49,hold,0,12.02
1199,24.48,65.3,22.87,11.76,6.93,4.83,91.27,98.98,30.94,cooling,0,5.98
1200,26.96,56.38,22.53,9.79,-3.03,12.82,100.0,100.0,32.02,cooling,0,-3.39
1201,24.26,66.32,21.39,10.79,8.15,2.64,87.16,100.0,26.87,cooling,0,7.71
1202,23.05,69.31,18.21,9.36,12.04,-2.68,57.87,73.43,19.39,heating,0,10.97
1203,24.26,51.03,38.0,8.61,6.72,1.89,74.94,91.46,21.85,hold,0,6.52
1204,25.17,51.64,35.53,9.65,-4.21,13.86,100.0,100.0,31.3,cooling,0,-4.81
1205,24.1,57.02,17.83,8.54,2.76,5.78,90.4,100.0,25.9,cooling,0,2.64
1206,24.08,60.47,33.86,11.82,22.47,-10.65,37.33,54.91,10.15,heating,0,22.52
1207,22.46,54.05,22.29,8.26,22.29,-14.03,37.33,54.91,12.3,heating,0,21.65
1208,22.54,68.54,25.37,10.24,2.45,7.79,100.0,100.0,33.52,cooling,0,2.16
1209,20.93,61.37,24.25,10.39,15.78,-5.39,37.33,54.91,14.05,heating,0,15.09
1210,,,,10.03,-0.05,10.08,100.0,100.0,30.84,cooling,0,0.17
1211,21.28,47.01,30.37,10.53,22.04,-11.5,37.33,54.91,15.69,heating,0,21.25
1212,22.48,47.94,25.36,8.34,12.13,-3.79,49.22,62.24,14.63,heating,0,12.02
1213,22.42,60.27,21.84,10.1,18.15,-8.05,37.33,54.91,10.15,heating,0,17.77
1214,25.94,41.64,17.0,9.02,-4.63,13.66,100.0,100.0,26.64,cooling,0,-5.53
1215,23.35,65.92,19.4,11.65,15.82,-4.17,44.61,61.85,12.02,heating,0,15.98
1216,26.71,56.88,15.03,10.93,9.96,0.97,70.77,88.47,23.86,hold,0,9.28
1217,22.52,83.14,24.69,11.78,17.31,-5.53,45.58,62.66,13.4,heating,0,16.11
1218,24.6,75.92,17.63,8.02,17.85,-9.83,37.33,54.91,13.12,heating,0,16.17
1219,22.17,56.7,23.07,9.02,10.59,-1.58,59.2,77.78,22.05,hold,0,9.79
1220,28.67,57.28,32.62,8.66,4.89,3.76,100.0,100.0,28.8,cooling,0,5.06
1221,21.4,65.79,31.62,7.91,16.7,-8.78,37.33,54.91,13.16,heating,0,17.05
1222,24.67,71.25,24.43,8.84,9.52,-0.67,72.38,88.09,23.79,hold,0,8.74
1223,25.37,45.45,24.11,10.6,2.57,8.03,100.0,100.0,29.28,cooling,0,1.84
1224,24.89,44.31,35.6,8.8,2.16,6.64,100.0,100.0,33.71,cooling,0,1.38
1225,23.59,53.3,27.66,9.92,-2.6,12.52,100.0,100.0,30.42,cooling,0,-3.74
1226,23.71,62.6,22.71,11.44,5.67,5.77,100.0,100.0,30.23,cooling,0,4.55
1227,24.09,61.94,16.29,10.66,19.46,-8.8,37.33,54.91,16.42,heating,0,19.67
1228,23.67,66.36,26.92,9.46,11.55,-2.09,69.47,81.6,22.89,heating,0,11.35
1229,26.09,48.84,29.46,9.37,5.5,3.87,86.39,99.19,28.77,cooling,0,5.18
1230,28.81,40.22,20.93,9.7,16.91,-7.21,37.33,54.91,14.91,heating,0,16.11
1231,22.77,64.72,26.32,8.58,2.91,5.67,99.57,100.0,29.57,cooling,0,2.36
1232,21.0,51.71,22.5,10.42,10.85,-0.43,62.26,78.89,22.18,hold,0,9.27
1233,23.8,42.52,23.55,9.33,8.49,0.84,72.77,89.81,21.83,hold,0,8.49
1234,29.61,59.22,10.09,11.3,16.69,-5.4,43.83,65.97,13.06,heating,0,16.64
1235,22.24,64.22,23.32,10.91,-3.46,14.37,100.0,100.0,30.46,cooling,0,-4.61
1236,27.56,57.16,30.28,10.32,2.76,7.56,100.0,100.0,29.76,cooling,0,3.07
1237,27.65,54.57,20.93,9.33,-3.98,13.31,100.0,100.0,32.64,cooling,0,-5.24
1238,22.78,56.87,24.93,8.71,7.81,0.9,80.41,96.3,25.66,hold,0,7.57
1239,25.23,55.24,20.21,10.99,20.39,-9.4,37.33,54.91,11.22,heating,0,20.39
1240,27.54,47.69,26.72,9.83,5.71,4.12,90.52,100.0,29.5,cooling,0,4.62
1241,23.16,52.58,23.36,8.77,5.66,3.11,81.22,98.57,24.82,cooling,0,5.18
1242,23.55,62.12,19.13,8.65,17.48,-8.83,37.33,54.91,11.54,heating,0,16.41
1243,22.72,60.58,32.4,8.53,19.17,-10.63,37.33,54.91,12.3,heating,0,17.44
1244,21.78,59.4,30.04,10.99,9.27,1.72,69.68,86.35,22.83,hold,0,8.29
1245,22.57,50.42,21.09,8.79,15.88,-7.09,37.33,54.91,12.98,heating,0,15.34
1246,21.32,56.7,27.53,9.99,0.82,9.17,100.0,100.0,30.27,cooling,0,0.55
1247,24.06,41.29,27.76,9.69,21.81,-12.13,37.33,54.91,13.89,heating,0,21.52
1248,22.31,59.48,28.37,10.2,28.4,-18.2,37.33,54.91,11.75,heating,0,27.95
1249,24.5,69.13,14.73,11.4,14.49,-3.09,58.48,77.0,17.23,heating,0,13.59
1250,20.6,46.72,30.5,11.36,-7.79,19.15,100.0,100.0,28.06,cooling,0,-8.49
1251,24.71,53.58,21.29,9.68,5.26,4.43,92.97,100.0,30.86,cooling,0,4.25
1252,25.81,60.64,22.53,7.93,15.27,-7.34,40.61,56.85,13.21,heating,0,14.46
1253,19.64,67.77,40.03,9.58,6.43,3.16,82.74,94.89,26.24,cooling,0,5.57
1254,24.81,54.64,26.38,10.31,20.91,-10.6,37.33,54.91,14.29,heating,0,20.65
1255,26.67,52.76,22.36,10.11,15.06,-4.95,49.0,61.27,14.75,heating,0,14.51
1256,21.35,42.9,11.74,10.49,3.99,6.5,95.89,100.0,27.02,cooling,0,3.22
1257,27.64,58.9,32.74,8.49,10.31,-1.82,76.4,87.98,24.06,hold,0,10.24
1258,24.9,73.86,16.76,10.47,2.39,8.08,100.0,100.0,31.62,cooling,0,1.59
1259,22.45,60.24,18.76,8.6,8.47,0.14,71.39,82.71,21.89,hold,1,7.37
1260,23.87,57.93,22.68,10.89,5.29,5.6,100.0,100.0,33.95,cooling,0,4.94
1261,25.21,60.59,32.89,9.23,20.07,-10.84,37.33,57.1,10.15,heating,0,19.94
1262,24.16,58.01,29.14,10.72,28.12,-17.4,37.33,54.91,14.44,heating,0,27.83
1263,25.16,51.82,23.7,8.06,-2.21,10.27,100.0,100.0,32.58,cooling,0,-2.35
1264,21.98,64.46,26.42,9.51,-6.41,15.92,100.0,100.0,31.91,cooling,0,-6.62
1265,24.36,59.84,21.11,10.7,7.93,2.77,81.07,98.79,18.65,cooling,0,7.47
1266,20.91,58.24,25.44,8.78,-2.95,11.73,100.0,100.0,33.57,cooling,0,-2.28
1267,23.75,50.57,25.05,11.07,10.43,0.64,75.43,92.81,21.58,hold,0,9.29
1268,22.02,68.16,30.28,10.41,16.43,-6.03,45.97,58.35,13.77,heating,0,15.79
1269,22.39,63.23,30.27,10.23,22.8,-12.57,37.33,54.91,11.86,heating,0,22.91
1270,26.68,53.83,27.5,9.29,11.75,-2.46,50.76,68.04,17.04,heating,0,11.61
1271,26.37,65.83,22.5,9.81,8.38,1.43,82.44,100.0,27.01,hold,0,8.29
1272,25.32,54.26,28.95,10.27,-6.89,17.16,100.0,100.0,32.79,cooling,0,-7.16
1273,21.61,52.06,24.08,9.77,10.25,-0.48,72.07,83.92,24.25,hold,1,10.45
1274,23.3,52.24,18.3,10.68,10.64,0.04,69.37,83.03,22.32,hold,1,9.7
1275,26.63,44.43,22.26,9.61,15.49,-5.88,45.82,61.29,15.58,heating,0,15.93
1276,24.3,61.74,25.11,8.68,3.97,4.71,100.0,100.0,28.82,cooling,0,3.96
1277,29.05,43.96,29.94,8.73,6.31,2.42,82.67,100.0,24.3,cooling,0,5.33
1278,24.85,48.62,23.55,7.89,-2.61,10.5,100.0,100.0,32.79,cooling,0,-2.74
1279,24.41,42.08,17.56,9.08,-9.56,18.64,100.0,100.0,32.67,cooling,0,-9.9
1280,23.32,57.44,24.95,10.88,0.55,10.33,100.0,100.0,32.45,cooling,0,-0.3
1281,24.28,56.94,25.28,11.06,-3.4,14.46,100.0,100.0,29.97,cooling,0,-4.79
1282,23.66,55.58,25.71,8.68,12.91,-4.22,49.72,60.53,17.74,heating,0,12.12
1283,25.53,50.05,29.99,11.73,5.6,6.13,100.0,100.0,28.68,cooling,0,5.35
1284,26.08,49.05,30.57,9.89,5.43,4.46,99.98,100.0,33.15,cooling,0,5.25
1285,22.28,61.68,21.15,11.56,1.61,9.94,100.0,100.0,30.48,cooling,0,0.92
1286,21.09,53.85,21.02,10.71,-17.61,28.32,100.0,100.0,34.37,cooling,0,-17.43
1287,19.99,60.54,18.55,10.77,22.93,-12.15,37.33,54.91,10.15,heating,0,22.97
1288,25.1,51.27,28.7,8.21,1.48,6.73,100.0,100.0,34.53,cooling,0,1.03
1289,21.58,59.5,33.08,8.75,6.5,2.25,84.78,99.98,25.71,cooling,0,5.6
1290,19.3,68.16,22.78,7.91,-2.41,10.31,100.0,100.0,30.24,cooling,0,-2.75
1291,24.84,62.63,23.21,10.75,18.34,-7.59,37.33,54.91,12.59,heating,0,18.34
1292,29.42,54.92,33.19,9.25,11.26,-2.0,56.11,71.41,16.44,heating,0,11.4
1293,23.98,60.09,27.57,11.03,2.96,8.07,100.0,100.0,30.86,cooling,0,2.82
1294,25.82,56.24,27.17,9.23,6.68,2.56,72.71,88.57,21.34,cooling,0,5.65
1295,24.17,58.16,17.67,11.16,24.38,-13.21,37.33,54.91,10.8,heating,0,23.75
1296,23.77,55.59,28.58,8.4,9.41,-1.01,60.96,78.77,20.26,hold,0,8.13
1297,25.99,56.83,19.19,8.57,8.48,0.09,83.58,100.0,24.27,hold,1,8.36
1298,23.36,59.74,18.0,9.24,1.98,7.26,100.0,100.0,29.46,cooling,0,1.3
1299,24.57,50.43,22.59,9.51,-6.17,15.68,100.0,100.0,28.25,cooling,0,-6.34
1300,24.69,50.26,21.2,9.27,8.66,0.61,65.21,78.53,19.55,hold,0,7.59
1301,22.53,47.38,23.33,10.94,12.81,-1.87,57.98,76.21,21.02,hold,0,13.13
1302,26.15,45.75,16.2,8.26,19.43,-11.17,37.33,54.91,10.51,heating,0,18.6
1303,23.61,48.7,30.22,9.28,-9.19,18.48,100.0,100.0,29.54,cooling,0,-9.15
1304,22.34,59.33,31.21,11.24,0.41,10.83,100.0,100.0,31.39,cooling,0,-0.09
1305,25.16,51.21,13.25,8.14,5.06,3.07,84.28,98.92,25.54,cooling,0,4.53
1306,22.03,62.07,30.33,11.66,10.0,1.66,77.12,89.54,28.59,hold,0,9.33
1307,24.05,58.37,19.89,11.83,8.79,3.05,94.5,100.0,29.03,cooling,0,7.83
1308,23.97,42.9,29.62,8.23,8.99,-0.76,68.07,86.03,22.09,hold,0,9.26
1309,26.36,63.16,24.22,9.04,13.52,-4.48,50.01,63.68,17.89,heating,0,13.28
1310,25.02,64.36,24.79,9.37,2.31,7.06,100.0,100.0,32.85,cooling,0,1.13
1311,23.94,50.43,23.54,10.99,18.02,-7.03,37.93,55.15,12.85,heating,0,17.56
1312,25.77,61.34,31.7,10.27,13.74,-3.47,52.23,66.34,16.35,heating,0,13.52
1313,27.02,51.49,17.38,10.46,7.3,3.16,84.22,100.0,30.31,cooling,0,7.3
1314,25.21,58.85,28.17,10.92,23.72,-12.8,37.33,54.91,12.0,heating,0,23.07
1315,24.01,48.34,31.05,8.34,23.34,-14.99,37.33,56.86,11.32,heating,0,22.71
1316,21.13,44.26,28.8,11.22,18.01,-6.79,41.7,58.0,12.22,heating,0,17.66
1317,21.67,55.14,38.2,10.71,-15.78,26.49,100.0,100.0,27.55,cooling,0,-15.59
1318,23.32,57.14,21.53,10.19,23.53,-13.34,37.33,54.91,13.84,heating,0,22.47
1319,22.66,55.03,30.21,11.45,16.83,-5.38,42.13,56.87,10.15,heating,0,16.77
1320,23.58,48.96,24.0,10.69,27.18,-16.5,37.33,54.91,12.19,heating,0,26.51
1321,24.11,55.01,31.82,8.68,20.61,-11.93,37.33,54.91,11.79,heating,0,20.14
1322,25.14,60.18,24.58,9.6,23.52,-13.93,37.33,54.91,16.68,heating,0,24.18
1323,23.84,57.75,22.35,9.86,17.54,-7.69,38.27,54.91,10.15,heating,0,17.19
1324,25.05,59.51,32.25,8.09,21.56,-13.47,37.33,54.91,10.4,heating,0,21.64
1325,24.13,52.93,21.75,11.71,27.08,-15.37,37.33,56.25,11.93,heating,0,27.01
1326,19.68,67.15,16.37,8.39,11.88,-3.49,45.29,56.61,14.19,heating,0,10.99
1327,21.94,49.02,21.6,10.67,-3.41,14.09,100.0,100.0,29.9,cooling,0,-4.83
1328,23.68,61.86,28.24,9.91,7.4,2.5,81.31,95.93,25.23,cooling,0,7.32
1329,21.35,67.22,32.75,7.97,13.36,-5.39,38.9,54.91,10.15,heating,0,12.59
1330,25.3,61.81,25.27,11.59,10.67,0.92,74.69,91.97,24.12,hold,0,9.38
1331,27.33,56.54,32.32,11.29,-0.63,11.92,100.0,100.0,26.36,cooling,0,-0.56
1332,26.65,54.02,16.69,9.98,-3.92,13.89,100.0,100.0,30.95,cooling,0,-4.81
1333,23.52,66.1,22.03,8.79,3.69,5.1,96.09,100.0,28.63,cooling,0,2.74
1334,27.24,47.11,22.93,8.36,16.94,-8.58,37.33,54.91,14.23,heating,0,17.76
1335,24.31,50.61,23.95,9.33,23.54,-14.21,37.33,54.91,15.71,heating,0,22.35
1336,23.26,55.03,25.11,8.9,17.87,-8.97,37.33,54.91,11.54,heating,0,16.97
1337,22.65,67.65,28.65,9.91,19.07,-9.16,37.33,54.91,14.98,heating,0,18.54
1338,23.33,61.03,22.02,11.75,9.34,2.42,83.36,100.0,25.38,cooling,0,8.67
1339,23.14,50.63,25.43,10.18,-4.86,15.05,100.0,100.0,29.07,cooling,0,-5.75
1340,24.36,55.7,24.36,11.45,6.14,5.31,98.54,100.0,34.05,cooling,0,4.94
1341,24.34,53.36,19.21,10.49,7.82,2.67,91.88,100.0,29.61,cooling,0,7.98
1342,24.0,52.62,23.96,9.78,5.78,4.0,94.58,100.0,29.38,cooling,0,5.33
1343,24.94,65.66,23.78,11.31,10.5,0.81,76.78,84.83,25.41,hold,0,10.31
1344,26.59,47.51,23.66,9.76,13.8,-4.04,53.43,70.3,17.58,heating,0,13.46
1345,26.06,70.52,24.81,11.36,17.32,-5.96,47.39,61.48,15.08,heating,0,17.17
1346,20.75,64.49,25.06,9.04,7.65,1.39,82.33,96.68,23.05,hold,0,7.56
1347,18.42,66.52,22.1,8.39,-6.25,14.63,100.0,100.0,30.46,cooling,0,-7.25
1348,26.03,54.53,32.05,11.31,5.9,5.41,100.0,100.0,32.25,cooling,0,5.44
1349,21.01,56.94,17.79,10.23,10.4,-0.17,63.73,76.47,19.87,hold,0,10.33
1350,23.5,47.04,20.41,11.44,20.49,-9.04,37.33,56.76,14.0,heating,0,20.94
1351,21.44,54.05,40.85,11.64,5.18,6.46,100.0,100.0,31.77,cooling,0,5.47
1352,20.06,61.91,18.56,8.09,14.41,-6.33,38.71,55.04,10.86,heating,0,14.17
1353,25.17,68.11,16.71,9.88,12.51,-2.63,54.15,71.08,14.61,heating,0,12.79
1354,25.64,49.55,28.91,9.38,10.41,-1.03,68.99,81.71,21.38,hold,0,8.69
1355,22.73,55.28,12.49,10.39,17.99,-7.6,37.33,54.91,11.15,heating,0,18.48
1356,18.34,56.93,23.25,11.06,4.38,6.68,100.0,100.0,31.67,cooling,0,3.3
1357,22.8,47.32,37.15,9.0,5.11,3.89,87.0,99.03,25.67,cooling,0,4.48
1358,24.84,62.67,15.6,10.11,9.93,0.18,62.72,75.9,18.58,hold,0,9.82
1359,20.77,52.51,13.05,10.72,4.56,6.16,100.0,100.0,33.11,cooling,0,3.8
1360,24.39,56.59,15.86,8.41,14.37,-5.96,37.33,54.91,12.5,heating,0,14.3
1361,23.96,54.61,29.87,11.14,3.93,7.21,100.0,100.0,29.59,cooling,0,4.13
1362,25.25,52.01,31.19,10.31,11.96,-1.66,66.25,86.49,20.91,hold,0,11.38
1363,24.25,58.05,21.63,11.69,9.17,2.51,85.8,99.21,29.5,cooling,0,8.07
1364,21.87,56.44,28.61,9.23,11.87,-2.63,51.3,65.09,16.98,heating,0,12.46
1365,26.6,55.23,32.74,8.3,6.1,2.21,84.44,100.0,27.52,cooling,0,5.93
1366,23.64,52.48,35.06,9.91,7.13,2.78,85.33,100.0,25.09,cooling,0,7.57
1367,,,,8.21,10.85,-2.64,68.49,89.37,23.6,heating,0,10.86
1368,21.96,70.87,11.18,11.77,11.76,0.01,72.07,82.09,27.26,hold,0,10.58
1369,23.02,59.18,19.83,8.03,9.99,-1.97,59.45,76.93,17.25,hold,0,9.98
1370,22.06,65.79,22.13,10.9,24.61,-13.71,37.33,54.91,10.15,heating,0,23.69
1371,23.61,47.37,23.11,9.98,1.56,8.42,100.0,100.0,31.35,cooling,0,1.0
1372,27.72,59.32,23.52,9.35,9.48,-0.13,65.23,82.59,22.32,hold,0,9.16
1373,21.0,49.63,31.15,8.13,-3.42,11.56,100.0,100.0,30.82,cooling,0,-4.74
1374,20.47,46.7,32.06,10.37,13.21,-2.84,55.89,66.74,15.66,heating,0,12.39
1375,27.2,52.39,23.62,10.22,0.49,9.73,100.0,100.0,30.78,cooling,0,1.13
1376,23.53,67.3,31.04,9.0,7.65,1.35,84.31,94.64,27.49,hold,0,7.24
1377,22.53,65.43,26.71,11.53,6.85,4.68,81.61,93.2,24.67,cooling,0,6.26
1378,26.26,59.98,25.0,9.09,12.43,-3.34,59.7,73.91,20.12,heating,0,13.02
1379,22.67,46.27,29.91,9.68,5.3,4.37,92.15,100.0,30.97,cooling,0,4.53
1380,27.97,56.58,25.04,10.06,4.94,5.12,97.75,100.0,30.81,cooling,0,4.38
1381,25.47,60.43,36.64,8.27,22.31,-14.03,37.33,54.91,12.14,heating,0,22.49
1382,22.93,59.46,16.22,11.62,12.46,-0.85,62.0,81.29,21.26,hold,0,11.85
1383,28.69,43.87,21.61,9.38,5.23,4.14,93.16,100.0,27.23,cooling,0,4.4
1384,22.67,51.23,23.88,8.19,7.89,0.31,83.47,94.93,24.13,hold,1,6.22
1385,25.61,57.61,27.19,9.43,24.1,-14.67,37.33,54.91,11.67,heating,0,23.29
1386,24.64,62.24,32.02,10.28,8.02,2.26,87.64,100.0,26.31,cooling,0,7.0
1387,26.83,41.15,24.48,9.93,4.14,5.8,98.03,100.0,28.8,cooling,0,3.69
1388,27.39,56.85,16.31,10.66,4.17,6.49,99.44,100.0,34.49,cooling,0,3.34
1389,24.06,59.2,29.54,8.09,5.33,2.76,79.89,97.1,29.31,cooling,0,5.99
1390,22.35,64.66,29.03,9.01,4.95,4.07,87.89,100.0,26.66,cooling,0,3.89
1391,24.99,63.45,13.28,11.16,-0.91,12.07,100.0,100.0,31.18,cooling,0,-0.69
1392,22.51,62.6,24.6,8.19,0.42,7.77,100.0,100.0,30.62,cooling,0,-0.03
1393,28.38,51.92,15.33,11.31,2.94,8.37,100.0,100.0,33.21,cooling,0,2.85
1394,24.29,43.37,20.74,8.24,15.09,-6.85,37.33,65.77,14.81,heating,0,15.27
1395,23.19,55.07,19.35,11.22,6.77,4.45,92.93,100.0,25.32,cooling,0,5.06
1396,24.39,65.83,29.35,9.32,8.26,1.06,77.12,94.7,25.09,hold,0,7.8
1397,21.05,68.86,25.3,10.33,20.89,-10.56,37.33,54.91,10.15,heating,0,20.39
1398,21.87,63.59,17.11,8.48,21.1,-12.62,37.33,57.04,15.72,heating,0,20.18
1399,26.61,61.41,29.76,8.14,7.62,0.52,62.77,81.07,20.71,hold,0,7.6
1400,22.56,61.03,16.25,8.74,4.64,4.1,87.63,100.0,25.64,cooling,0,4.98
1401,21.71,53.81,26.55,8.38,2.64,5.74,93.86,100.0,28.68,cooling,0,0.75
1402,25.16,57.1,19.87,9.13,15.95,-6.83,38.19,54.91,11.88,heating,0,15.49
1403,26.57,70.99,22.48,9.94,8.28,1.66,82.84,94.51,26.9,hold,0,7.19
1404,25.56,50.82,27.56,10.24,6.73,3.51,92.25,100.0,30.76,cooling,0,6.22
1405,26.16,70.57,27.67,11.05,3.07,7.97,100.0,100.0,28.7,cooling,0,2.37
1406,22.34,55.61,32.43,10.51,3.45,7.06,100.0,100.0,34.68,cooling,0,2.52
1407,20.89,68.33,24.14,10.32,12.77,-2.45,55.14,68.44,20.75,heating,0,12.72
1408,27.26,47.24,26.41,9.53,-1.22,10.74,100.0,100.0,29.25,cooling,0,-0.83
1409,23.29,62.62,22.06,9.77,18.54,-8.76,37.33,58.04,12.34,heating,0,19.59
1410,23.44,52.41,25.68,9.54,5.47,4.07,95.31,100.0,33.02,cooling,0,4.5
1411,26.89,47.17,27.19,11.26,8.75,2.5,81.65,100.0,27.96,cooling,0,7.39
1412,25.2,59.79,24.05,8.79,-1.4,10.2,100.0,100.0,30.33,cooling,0,-1.59
1413,24.98,65.89,14.09,7.89,9.92,-2.03,55.71,69.36,19.34,heating,0,10.47
1414,28.71,51.58,26.56,10.49,7.22,3.27,81.99,90.96,31.59,cooling,0,7.24
1415,22.59,46.53,26.75,8.68,9.6,-0.92,65.63,79.97,20.9,hold,0,10.01
1416,26.01,57.39,20.65,11.45,22.61,-11.16,37.33,54.91,10.93,heating,0,22.2
1417,24.11,57.42,17.12,11.32,11.55,-0.23,67.13,82.75,21.48,hold,0,10.82
1418,24.58,62.33,33.24,8.18,3.24,4.94,83.45,98.72,26.53,cooling,0,2.89
1419,27.32,65.43,27.49,8.3,3.95,4.35,90.8,100.0,27.19,cooling,0,3.34
1420,25.1,57.64,23.28,9.86,15.12,-5.26,42.93,59.5,14.76,heating,0,15.22
1421,25.16,72.42,17.98,10.32,21.13,-10.81,37.33,54.91,10.15,heating,0,21.33
1422,26.33,59.83,19.82,8.98,12.44,-3.47,49.54,65.77,14.53,heating,0,12.75
1423,23.19,55.43,32.23,10.75,15.92,-5.17,45.25,58.93,16.09,heating,0,15.87
1424,22.16,45.66,25.42,10.26,15.24,-4.98,45.42,61.02,11.12,heating,0,15.05
1425,21.71,56.07,21.4,9.18,22.16,-12.99,37.33,55.2,14.01,heating,0,22.18
1426,19.7,55.5,27.6,7.97,-6.64,14.61,100.0,100.0,26.98,cooling,0,-8.09
1427,28.47,65.51,19.86,10.89,15.73,-4.85,43.61,57.76,10.62,heating,0,15.66
1428,21.59,61.67,33.38,8.73,18.44,-9.71,37.33,54.91,11.2,heating,0,18.16
1429,23.51,49.0,32.52,11.22,-1.42,12.64,100.0,100.0,31.57,cooling,0,-1.81
1430,23.39,59.43,21.9,9.56,2.46,7.1,100.0,100.0,33.65,cooling,0,1.83
1431,24.66,63.28,20.95,10.19,2.76,7.43,100.0,100.0,31.12,cooling,0,2.41
1432,25.77,69.9,9.33,11.38,3.8,7.58,100.0,100.0,30.51,cooling,0,2.95
1433,25.87,64.95,15.97,11.34,5.91,5.43,99.78,100.0,32.09,cooling,0,5.88
1434,22.72,63.97,16.8,9.36,12.1,-2.74,60.94,79.21,17.54,heating,0,11.94
1435,23.63,58.56,25.41,8.71,17.43,-8.72,37.33,54.91,12.48,heating,0,17.26
1436,24.61,61.1,22.71,10.99,19.28,-8.29,37.33,54.91,10.15,heating,0,18.66
1437,23.45,67.75,16.76,9.61,2.87,6.74,100.0,100.0,31.17,cooling,0,2.69
1438,27.49,47.81,22.98,8.64,2.81,5.83,100.0,100.0,30.74,cooling,0,2.4
1439,,,,11.51,21.28,-9.77,37.33,55.67,10.59,heating,0,20.6
1440,25.59,52.14,27.7,8.67,15.56,-6.89,37.33,57.34,12.53,heating,0,15.36
1441,25.44,61.03,13.53,7.97,10.74,-2.76,58.04,76.12,18.73,heating,0,10.77
1442,26.55,67.6,23.87,7.95,14.08,-6.13,40.21,55.16,15.41,heating,0,14.2
1443,24.38,53.49,16.54,10.37,9.78,0.6,75.25,92.18,20.37,hold,0,9.56
1444,21.16,39.65,29.89,10.53,14.52,-3.99,44.98,56.12,14.34,heating,0,14.24
1445,24.86,54.92,29.2,9.12,7.16,1.96,81.62,94.28,23.97,hold,0,7.21
1446,22.57,65.15,19.38,9.16,12.33,-3.17,53.0,66.19,18.64,heating,0,12.62
1447,22.84,62.25,20.15,9.23,-2.89,12.12,100.0,100.0,32.51,cooling,0,-3.0
1448,25.27,61.41,21.93,10.6,4.15,6.45,98.65,100.0,31.61,cooling,0,3.29
1449,26.69,55.94,11.46,8.1,4.24,3.86,86.39,98.9,25.51,cooling,0,3.3
1450,24.04,48.23,26.58,11.61,6.83,4.78,99.75,100.0,32.7,cooling,0,5.9
1451,24.66,62.08,23.03,8.76,2.11,6.66,98.02,100.0,27.35,cooling,0,2.56
1452,27.7,51.66,30.29,11.89,5.47,6.42,97.21,100.0,26.69,cooling,0,5.08
1453,24.51,74.96,18.21,8.56,-2.92,11.48,100.0,100.0,28.45,cooling,0,-2.31
1454,29.66,62.5,21.0,10.97,14.72,-3.75,47.39,64.41,15.15,heating,0,14.49
1455,25.22,53.62,15.82,8.77,9.32,-0.56,62.79,73.65,21.19,hold,0,8.89
1456,20.15,53.38,18.75,8.2,-4.55,12.74,100.0,100.0,25.05,cooling,0,-5.09
1457,25.63,57.38,17.72,11.39,2.89,8.5,100.0,100.0,33.65,cooling,0,2.3
1458,24.82,56.25,30.44,11.32,12.91,-1.59,57.03,71.42,18.37,hold,0,12.19
1459,26.8,66.72,20.54,9.49,5.39,4.11,100.0,100.0,27.86,cooling,0,4.24
1460,25.46,59.54,25.35,10.69,4.07,6.62,100.0,100.0,31.2,cooling,0,3.75
1461,23.69,52.45,22.4,10.11,9.39,0.72,69.85,81.95,24.14,hold,0,9.51
1462,21.32,72.69,17.21,11.3,12.97,-1.67,63.75,77.84,21.32,hold,0,13.72
1463,23.53,58.48,23.64,9.14,-2.25,11.39,100.0,100.0,33.2,cooling,0,-2.95
1464,22.14,64.04,28.12,9.98,14.73,-4.76,51.18,64.48,13.62,heating,0,14.19
1465,22.72,53.4,17.57,9.82,3.19,6.63,100.0,100.0,30.17,cooling,0,2.19
1466,25.27,60.9,29.35,9.29,9.88,-0.58,71.96,88.5,20.74,hold,0,10.03
1467,27.63,60.5,19.66,11.45,9.73,1.73,68.44,78.67,24.97,hold,0,9.81
1468,24.85,43.51,21.8,8.54,5.52,3.01,79.78,94.73,26.21,cooling,0,4.67
1469,21.38,73.66,27.72,8.47,1.28,7.19,100.0,100.0,36.69,cooling,0,0.23
1470,24.96,68.06,20.75,10.19,7.59,2.6,84.66,97.71,25.46,cooling,0,7.56
1471,26.6,55.03,24.84,10.51,23.93,-13.41,37.33,54.91,10.75,heating,0,23.8
1472,22.66,49.59,22.78,8.65,-1.61,10.26,100.0,100.0,30.71,cooling,0,-1.75
1473,23.7,60.78,25.38,9.44,24.5,-15.06,37.33,56.48,14.96,heating,0,23.67
1474,24.02,58.77,10.72,11.68,7.81,3.87,87.94,100.0,26.65,cooling,0,6.32
1475,22.28,60.85,13.93,8.86,10.33,-1.47,67.77,86.31,21.58,hold,0,9.46
1476,25.4,59.58,28.22,10.56,0.74,9.82,100.0,100.0,31.19,cooling,0,0.58
1477,23.73,62.01,30.68,10.85,3.44,7.41,100.0,100.0,31.08,cooling,0,3.9
1478,24.9,69.27,19.3,9.67,5.73,3.94,84.42,99.67,25.02,cooling,0,5.05
1479,22.06,62.49,23.19,11.64,1.09,10.55,100.0,100.0,30.73,cooling,0,1.65
1480,23.04,50.0,26.34,10.83,8.24,2.59,82.8,95.98,25.48,cooling,0,8.13
1481,25.56,68.62,28.67,9.71,6.55,3.16,82.51,93.99,25.74,cooling,0,5.41
1482,23.18,70.77,12.78,10.16,25.85,-15.7,37.33,54.91,14.09,heating,0,25.53
1483,27.75,82.43,19.45,10.65,0.06,10.59,100.0,100.0,34.52,cooling,0,0.05
1484,23.12,49.43,22.68,10.25,10.91,-0.66,68.74,85.81,19.94,hold,0,9.25
1485,24.48,59.98,28.73,11.4,12.15,-0.75,59.93,76.93,18.2,hold,0,12.12
1486,26.02,42.03,39.21,9.3,0.88,8.43,100.0,100.0,29.35,cooling,0,0.97
1487,20.9,62.37,23.29,9.08,15.9,-6.83,37.33,54.91,12.57,heating,0,15.83
1488,20.15,53.87,16.4,8.73,6.62,2.11,84.7,100.0,25.33,cooling,0,6.02
1489,20.66,72.95,26.97,8.02,-11.28,19.3,100.0,100.0,31.48,cooling,0,-11.73
1490,26.74,52.12,32.33,8.04,15.67,-7.63,37.33,54.91,14.41,heating,0,15.4
1491,22.79,45.06,25.25,11.37,0.48,10.89,100.0,100.0,25.95,cooling,0,-0.66
1492,29.57,54.46,19.33,10.6,1.07,9.53,100.0,100.0,31.98,cooling,0,0.3
1493,22.76,42.85,30.21,10.53,15.91,-5.39,43.38,57.26,13.09,heating,0,15.41
1494,24.39,63.9,28.5,10.34,7.06,3.28,88.09,100.0,28.35,cooling,0,6.58
1495,27.35,42.16,18.63,11.28,17.88,-6.59,52.97,69.61,15.1,heating,0,17.26
1496,28.36,58.32,26.85,9.8,20.38,-10.58,37.33,54.91,14.59,heating,0,19.73
1497,28.48,42.06,30.44,11.37,4.52,6.85,100.0,100.0,32.83,cooling,0,4.38
1498,26.62,55.63,31.52,9.31,16.81,-7.5,37.33,54.91,13.34,heating,0,16.82
1499,26.22,70.79,24.23,11.6,3.57,8.02,100.0,100.0,32.59,cooling,0,2.75
1500,25.28,60.88,22.53,10.68,29.12,-18.44,37.33,57.91,10.71,heating,0,28.93
1501,25.69,51.43,31.79,8.9,4.11,4.8,98.1,100.0,29.19,cooling,0,3.33
1502,22.79,57.86,17.55,10.14,18.8,-8.67,37.33,54.91,13.7,heating,0,18.54
1503,22.21,58.24,27.18,10.01,17.24,-7.23,37.33,54.91,10.66,heating,0,17.46
1504,23.98,61.75,16.62,8.42,12.73,-4.31,48.86,67.4,18.55,heating,0,12.17
1505,23.62,47.55,30.84,10.25,4.3,5.95,95.5,100.0,29.0,cooling,0,3.14
1506,23.0,62.67,23.11,9.14,8.74,0.4,72.76,89.64,23.83,hold,1,8.22
1507,25.51,37.22,32.03,8.08,-8.38,16.46,100.0,100.0,35.2,cooling,0,-9.39
1508,26.07,53.24,27.49,11.68,11.95,-0.27,68.81,86.31,20.23,hold,1,11.4
1509,24.18,54.33,17.48,10.45,13.02,-2.57,60.9,78.64,19.41,heating,0,12.49
1510,27.21,62.99,32.94,11.4,11.17,0.22,70.85,83.85,24.36,hold,0,9.55
1511,21.5,58.27,33.68,10.59,-15.39,25.98,100.0,100.0,32.9,cooling,0,-15.39
1512,23.57,47.25,29.77,9.31,-0.79,10.1,100.0,100.0,30.34,cooling,0,-1.4
1513,22.43,50.5,20.17,9.93,3.63,6.3,100.0,100.0,29.97,cooling,0,3.6
1514,19.92,59.63,22.83,10.59,12.52,-1.94,54.78,70.23,16.97,hold,0,12.23
1515,23.81,57.49,25.47,11.73,12.5,-0.77,67.44,81.09,24.13,hold,0,12.42
1516,23.72,53.63,20.51,8.89,8.57,0.32,78.16,96.82,23.89,hold,0,8.69
1517,27.29,54.39,34.5,11.39,15.46,-4.07,52.5,66.32,16.91,heating,0,15.11
1518,25.37,63.47,25.46,11.58,1.26,10.33,100.0,100.0,30.15,cooling,0,0.74
1519,21.76,54.1,8.83,10.57,15.25,-4.68,49.79,63.24,17.35,heating,0,14.09
1520,28.03,57.42,26.6,11.61,14.09,-2.48,59.89,77.89,19.28,heating,0,14.39
1521,26.65,74.85,22.59,9.47,13.26,-3.79,54.82,76.01,15.44,heating,0,12.9
1522,25.26,47.11,24.18,11.7,8.47,3.23,76.02,87.81,21.87,cooling,0,7.55
1523,23.5,43.8,22.47,10.7,25.68,-14.99,37.33,54.91,10.15,heating,0,25.64
1524,21.9,64.15,29.33,8.04,14.25,-6.21,43.98,67.23,12.53,heating,0,12.87
1525,23.18,52.86,31.16,11.52,1.75,9.76,100.0,100.0,32.59,cooling,0,0.96
1526,26.36,55.64,26.27,9.82,12.15,-2.34,60.33,75.52,21.75,heating,0,12.29
1527,28.1,52.07,22.64,9.72,16.46,-6.74,37.33,54.91,13.57,heating,0,16.1
1528,27.35,56.09,24.38,10.15,5.0,5.15,90.75,100.0,29.33,cooling,0,4.18
1529,22.92,70.44,24.73,8.47,19.34,-10.87,37.33,54.91,11.95,heating,0,18.83
1530,21.55,64.29,19.93,9.76,13.3,-3.54,53.3,71.7,18.54,heating,0,11.92
1531,24.3,64.76,28.0,11.21,-10.0,21.21,100.0,100.0,31.57,cooling,0,-9.95
1532,20.13,47.17,27.31,7.93,12.59,-4.66,43.58,57.33,17.68,heating,0,12.25
1533,24.69,49.21,33.62,8.97,6.56,2.41,89.24,100.0,27.58,cooling,0,5.89
1534,23.67,36.18,31.95,7.88,14.62,-6.74,38.05,54.91,15.1,heating,0,14.29
1535,22.97,51.85,20.62,9.54,18.1,-8.56,37.33,54.91,13.95,heating,0,17.83
1536,20.51,65.49,29.41,10.8,11.7,-0.9,69.49,87.13,23.32,hold,0,11.51
1537,25.11,62.09,19.07,11.08,24.27,-13.19,37.33,54.91,10.15,heating,0,23.89
1538,22.83,56.39,28.68,11.67,8.5,3.17,86.02,97.35,28.66,cooling,0,7.25
1539,21.44,57.93,21.6,10.32,15.37,-5.06,46.05,61.87,14.56,heating,0,15.32
1540,17.73,52.78,18.64,8.89,16.91,-8.02,37.33,54.91,11.31,heating,0,16.8
1541,23.93,59.68,26.26,11.59,9.2,2.39,77.81,89.08,21.38,cooling,0,8.82
1542,27.85,64.01,9.0,10.99,16.69,-5.7,45.29,62.2,14.58,heating,0,17.0
1543,27.61,45.63,14.39,10.18,4.95,5.23,95.05,100.0,29.58,cooling,0,4.46
1544,22.99,60.41,23.58,10.67,6.42,4.25,90.85,100.0,25.65,cooling,0,6.4
1545,22.68,65.3,25.1,11.59,-1.19,12.78,100.0,100.0,28.05,cooling,0,-1.01
1546,25.01,54.9,22.46,10.73,12.09,-1.36,64.53,80.94,21.33,hold,0,12.0
1547,21.81,63.51,15.4,9.35,12.81,-3.46,45.55,64.12,16.41,heating,0,12.16
1548,24.65,79.83,19.84,10.74,20.11,-9.38,37.33,54.91,12.58,heating,0,19.76
1549,25.66,57.29,26.9,8.03,16.79,-8.76,37.33,54.91,14.5,heating,0,17.22
1550,26.66,61.14,28.02,9.42,7.59,1.83,78.13,94.82,24.27,hold,0,6.45
1551,23.77,52.4,24.53,9.5,-0.04,9.55,100.0,100.0,30.89,cooling,0,-0.76
1552,23.55,59.5,31.38,8.54,13.73,-5.19,45.23,60.35,12.74,heating,0,13.3
1553,22.08,61.65,26.94,7.96,19.53,-11.56,37.33,54.91,10.15,heating,0,18.77
1554,22.19,59.6,20.25,8.41,16.49,-8.08,37.33,54.91,15.91,heating,0,16.66
1555,23.5,50.23,22.98,10.5,19.3,-8.8,37.33,54.91,14.46,heating,0,19.2
1556,24.79,59.69,16.43,11.1,8.22,2.88,91.14,100.0,25.56,cooling,0,7.28
1557,25.98,69.39,23.99,11.84,6.04,5.8,100.0,100.0,31.31,cooling,0,5.74
1558,22.24,61.56,31.11,9.26,3.73,5.53,96.86,100.0,29.86,cooling,0,3.05
1559,27.24,65.53,28.62,10.28,9.55,0.73,68.02,82.04,20.86,hold,0,8.78
1560,23.4,56.27,32.81,11.64,9.36,2.28,89.74,100.0,27.1,cooling,0,8.39
1561,23.94,63.89,22.85,8.54,11.8,-3.26,52.53,72.08,17.52,heating,0,11.73
1562,22.36,60.26,32.48,10.75,8.92,1.83,76.79,94.08,25.67,hold,0,8.89
1563,18.71,50.76,23.49,10.91,8.89,2.02,71.4,82.68,23.23,cooling,0,8.13
1564,25.92,60.56,33.21,8.23,3.39,4.84,95.88,100.0,29.52,cooling,0,3.15
1565,25.6,50.44,24.49,11.33,18.08,-6.75,37.33,56.1,11.88,heating,0,18.65
1566,23.38,53.21,28.75,11.14,10.68,0.45,64.7,80.12,22.28,hold,0,9.66
1567,24.14,59.56,33.23,8.0,8.54,-0.53,69.6,81.15,22.81,hold,0,8.33
1568,25.11,60.39,23.49,8.24,3.64,4.6,90.49,100.0,28.29,cooling,0,3.58
1569,20.58,48.92,25.9,8.07,-1.36,9.43,100.0,100.0,30.93,cooling,0,-1.97
1570,22.84,66.24,32.15,9.22,21.21,-12.0,37.33,55.31,12.89,heating,0,21.49
1571,25.72,62.52,23.84,9.92,14.77,-4.85,43.55,58.6,13.13,heating,0,15.66
1572,21.26,52.66,16.91,10.01,-3.85,13.86,100.0,100.0,32.64,cooling,0,-4.18
1573,24.63,46.23,37.14,8.95,16.55,-7.61,38.35,55.82,10.35,heating,0,16.22
1574,21.03,56.98,21.88,11.53,17.92,-6.38,37.33,54.91,11.38,heating,0,18.09
1575,25.01,54.66,25.55,9.35,11.09,-1.74,57.66,70.21,19.52,hold,0,11.22
1576,23.91,58.97,31.37,8.05,23.69,-15.64,37.33,54.91,10.15,heating,0,22.07
1577,20.47,55.3,21.07,9.08,11.88,-2.81,49.07,65.07,12.57,heating,0,11.56
1578,26.53,42.6,18.73,10.01,-2.08,12.09,100.0,100.0,31.13,cooling,0,-2.71
1579,22.39,55.1,26.1,9.51,13.15,-3.64,60.7,80.72,15.82,heating,0,12.93
1580,22.22,55.74,14.15,8.97,12.12,-3.15,57.07,76.47,15.52,heating,0,11.66
1581,24.43,62.99,22.94,8.4,4.87,3.53,90.82,100.0,29.76,cooling,0,4.31
1582,26.49,52.71,26.05,11.16,14.93,-3.77,55.5,66.96,17.24,heating,0,14.18
1583,21.78,71.06,23.04,11.87,-4.23,16.1,100.0,100.0,33.57,cooling,0,-4.34
1584,24.12,43.34,15.61,9.19,18.5,-9.3,37.33,56.1,10.15,heating,0,19.07
1585,24.92,68.22,33.93,9.4,2.52,6.88,100.0,100.0,30.81,cooling,0,1.55
1586,25.5,56.37,25.22,10.35,1.61,8.75,100.0,100.0,31.8,cooling,0,0.39
1587,24.37,64.74,32.98,10.76,9.06,1.7,74.08,90.5,20.88,hold,0,8.63
1588,23.19,58.72,23.1,9.45,13.73,-4.29,52.45,67.61,18.8,heating,0,13.38
1589,22.19,66.9,19.48,11.51,11.43,0.08,65.35,78.25,21.63,hold,1,11.58
1590,24.18,55.11,26.19,10.12,3.68,6.44,100.0,100.0,27.78,cooling,0,2.48
1591,21.65,49.62,23.36,9.68,5.7,3.98,74.48,90.04,23.27,cooling,0,5.01
1592,17.62,69.07,17.74,10.47,0.34,10.13,100.0,100.0,31.77,cooling,0,-1.39
1593,24.94,57.22,33.2,11.7,8.11,3.59,84.74,97.08,25.24,cooling,0,8.29
1594,25.96,59.81,20.99,11.06,19.22,-8.16,37.33,54.91,10.15,heating,0,19.11
1595,18.84,67.63,13.87,8.03,9.99,-1.96,62.14,77.27,20.2,hold,0,9.32
1596,21.79,50.13,32.38,9.21,17.38,-8.17,37.33,54.91,16.62,heating,0,16.43
1597,25.34,62.7,21.67,9.76,22.47,-12.71,37.33,54.91,11.43,heating,0,21.54
1598,28.48,53.55,21.07,9.13,5.0,4.13,95.85,100.0,32.89,cooling,0,4.72
1599,24.04,57.08,14.31,10.68,8.43,2.25,91.78,100.0,27.03,cooling,0,7.28
1600,22.4,58.66,34.79,11.19,28.59,-17.4,37.33,54.91,12.63,heating,0,28.15
1601,23.59,46.52,17.09,10.81,22.38,-11.57,37.33,56.18,13.74,heating,0,23.05
1602,26.99,52.09,24.96,11.85,-4.27,16.12,100.0,100.0,30.98,cooling,0,-4.82
1603,22.58,68.53,29.95,8.97,13.34,-4.37,45.5,55.86,14.06,heating,0,12.59
1604,22.25,64.94,27.08,11.39,10.03,1.35,80.57,94.13,26.62,hold,0,9.66
1605,22.94,57.62,24.27,10.95,17.1,-6.14,37.33,54.91,15.98,heating,0,16.23
1606,21.91,59.98,14.68,9.33,3.66,5.67,96.24,100.0,30.47,cooling,0,3.92
1607,24.26,55.83,19.89,10.82,2.85,7.97,100.0,100.0,29.97,cooling,0,2.98
1608,27.53,68.57,25.72,8.29,4.25,4.04,86.68,100.0,26.62,cooling,0,3.77
1609,24.69,56.55,20.02,11.04,5.14,5.9,100.0,100.0,36.04,cooling,0,4.08
1610,23.44,59.89,25.81,10.01,17.0,-6.99,37.57,54.91,12.54,heating,0,16.54
1611,23.35,66.95,28.6,9.05,-0.07,9.11,100.0,100.0,29.81,cooling,0,-0.75
1612,20.58,52.1,30.24,10.51,4.71,5.8,99.85,100.0,28.66,cooling,0,4.22
1613,25.92,70.13,17.46,10.45,-5.27,15.72,100.0,100.0,27.35,cooling,0,-5.12
1614,23.82,46.28,37.45,8.71,18.64,-9.93,37.33,54.91,12.93,heating,0,17.85
1615,23.6,70.68,29.1,7.99,20.9,-12.91,37.33,55.6,13.51,heating,0,21.08
1616,30.95,55.22,24.61,9.61,7.23,2.38,78.6,94.35,23.79,cooling,0,7.23
1617,24.64,56.23,30.98,10.16,7.48,2.68,86.38,100.0,26.88,cooling,0,6.71
1618,22.35,43.51,38.43,11.39,13.91,-2.51,53.14,66.49,14.6,heating,0,13.0
1619,23.06,54.59,16.22,11.6,22.64,-11.04,37.33,54.91,12.46,heating,0,22.33
1620,,,,10.0,13.52,-3.53,41.93,58.68,14.54,heating,0,12.83
1621,24.24,53.41,10.73,10.9,4.07,6.83,100.0,100.0,29.93,cooling,0,3.98
1622,20.85,57.04,25.75,9.64,-3.81,13.45,100.0,100.0,34.38,cooling,0,-4.88
1623,25.99,65.49,26.75,10.87,0.5,10.37,100.0,100.0,29.33,cooling,0,0.28
1624,22.53,59.7,24.39,8.69,10.66,-1.96,55.43,72.23,18.2,hold,0,10.3
1625,28.07,60.48,20.8,9.36,4.43,4.93,95.2,100.0,31.26,cooling,0,3.67
1626,26.34,49.64,12.65,10.42,11.7,-1.28,62.89,80.24,19.71,hold,0,11.31
1627,23.01,51.3,26.8,7.94,5.3,2.64,91.56,100.0,28.09,cooling,0,5.28
1628,26.78,71.99,33.12,10.77,0.98,9.79,100.0,100.0,28.14,cooling,0,-0.1
1629,24.14,52.42,21.17,11.23,-0.03,11.26,100.0,100.0,33.71,cooling,0,-0.76
1630,25.85,70.89,27.19,9.47,23.39,-13.91,37.33,54.91,11.86,heating,0,22.69
1631,25.05,56.22,15.46,9.67,17.63,-7.96,37.33,54.91,13.27,heating,0,17.39
1632,22.14,58.12,27.29,11.29,24.83,-13.53,37.33,54.91,13.54,heating,0,24.06
1633,22.59,66.36,22.32,10.99,14.65,-3.66,37.33,54.91,10.94,heating,0,13.55
1634,26.24,67.92,20.17,9.03,6.35,2.67,90.12,100.0,27.64,cooling,0,5.32
1635,23.26,57.24,20.18,9.17,21.34,-12.17,37.33,54.91,14.87,heating,0,21.83
1636,23.11,55.1,22.32,10.6,9.75,0.85,76.86,95.71,21.82,hold,0,9.37
1637,21.91,57.67,26.85,10.13,11.92,-1.78,58.04,73.38,22.67,hold,0,11.64
1638,24.91,60.71,16.96,8.52,9.66,-1.14,66.43,82.15,19.44,hold,0,9.16
1639,28.49,64.98,22.3,9.12,-15.17,24.28,100.0,100.0,28.64,cooling,0,-15.32
1640,21.66,58.13,24.38,11.49,23.75,-12.26,37.33,54.91,12.46,heating,0,23.12
1641,24.04,62.88,18.2,10.64,14.23,-3.59,47.44,62.87,19.65,heating,0,14.21
1642,27.07,70.75,35.11,11.83,12.85,-1.02,72.5,89.87,18.93,hold,0,12.46
1643,23.82,61.04,19.64,10.95,9.5,1.45,69.41,82.39,21.54,hold,0,8.51
1644,24.98,60.51,20.71,11.66,11.43,0.23,77.31,97.32,25.15,hold,0,11.05
1645,21.67,46.37,18.91,8.74,4.92,3.82,89.27,100.0,27.85,cooling,0,3.14
1646,24.92,37.79,35.12,10.97,15.3,-4.33,45.9,58.18,15.53,heating,0,15.24
1647,23.58,61.1,27.85,7.95,-1.15,9.1,100.0,100.0,29.56,cooling,0,-2.36
1648,26.14,57.37,19.15,10.57,11.62,-1.05,68.39,90.83,20.32,hold,0,11.18
1649,26.58,54.13,31.08,9.76,14.83,-5.07,51.46,62.73,16.14,heating,0,13.95
1650,29.64,59.98,25.79,9.26,8.33,0.93,76.23,92.81,21.61,hold,0,8.0
1651,25.25,57.63,26.12,11.34,13.2,-1.86,56.23,70.26,17.78,hold,0,13.17
1652,24.7,66.81,22.61,11.3,1.55,9.75,100.0,100.0,30.22,cooling,0,1.77
1653,24.41,58.76,20.24,7.96,1.77,6.19,100.0,100.0,30.06,cooling,0,0.45
1654,23.22,52.33,26.59,10.32,12.05,-1.73,68.07,81.91,22.06,hold,0,12.08
1655,24.73,65.74,21.44,9.35,15.83,-6.48,42.13,60.49,10.15,heating,0,15.65
1656,23.35,56.42,35.23,9.54,-6.0,15.54,100.0,100.0,30.54,cooling,0,-6.64
1657,24.36,62.16,17.21,11.21,14.49,-3.28,57.1,72.3,22.77,heating,0,14.5
1658,26.86,54.41,33.59,9.12,5.39,3.73,94.44,100.0,27.16,cooling,0,4.75
1659,21.8,53.08,23.97,11.66,8.38,3.28,84.11,97.34,28.81,cooling,0,8.17
1660,26.47,58.75,26.37,8.59,-1.42,10.02,100.0,100.0,31.11,cooling,0,-2.36
1661,26.86,58.2,29.49,10.53,2.75,7.79,100.0,100.0,29.79,cooling,0,1.91
1662,23.73,61.8,20.94,10.57,18.29,-7.72,37.33,54.91,10.15,heating,0,18.5
1663,19.36,56.03,29.67,8.88,10.31,-1.43,57.59,76.2,18.56,hold,0,10.66
1664,22.66,43.92,8.81,9.18,6.76,2.42,78.49,93.16,27.45,cooling,0,6.27
1665,26.82,54.76,20.42,11.23,9.03,2.19,93.39,100.0,28.24,cooling,0,7.06
1666,23.94,64.23,19.22,10.93,14.21,-3.28,54.28,73.87,17.12,heating,0,13.76
1667,21.81,55.8,17.3,9.19,13.8,-4.6,48.79,66.33,17.66,heating,0,13.48
1668,22.89,56.2,23.36,10.02,9.39,0.63,67.03,80.48,21.79,hold,0,8.87
1669,25.82,65.71,26.87,8.12,19.37,-11.26,37.33,54.91,10.15,heating,0,19.3
1670,25.18,52.6,28.72,8.71,18.33,-9.62,37.33,54.91,12.4,heating,0,17.85
1671,23.47,46.19,26.03,9.82,13.56,-3.74,58.48,76.33,21.57,heating,0,13.6
1672,23.19,56.86,20.73,8.22,10.5,-2.28,60.26,71.63,19.01,heating,0,9.56
1673,23.14,54.36,26.78,11.26,15.65,-4.39,51.04,68.07,10.83,heating,0,15.91
1674,21.98,50.64,25.35,10.76,12.72,-1.96,63.89,75.65,20.94,hold,0,13.04
1675,27.51,56.75,30.09,11.66,19.1,-7.44,37.33,54.91,11.8,heating,0,18.44
1676,23.29,61.89,29.16,10.66,17.72,-7.06,41.62,56.67,10.15,heating,0,16.96
1677,26.64,58.03,24.8,11.65,1.32,10.33,100.0,100.0,27.64,cooling,0,1.04
1678,27.31,60.47,19.38,10.1,0.75,9.35,100.0,100.0,32.95,cooling,0,-0.32
1679,26.17,72.1,20.81,10.28,4.03,6.25,100.0,100.0,29.54,cooling,0,3.23
1680,23.05,55.45,21.41,11.8,18.38,-6.58,37.33,56.71,10.38,heating,0,18.65
1681,24.87,60.25,22.78,10.45,-3.45,13.9,100.0,100.0,30.93,cooling,0,-3.51
1682,23.94,54.17,26.19,7.99,13.41,-5.41,37.33,54.91,10.91,heating,0,14.23
1683,22.02,51.57,28.8,10.78,13.13,-2.35,64.07,75.91,20.42,heating,0,12.75
1684,24.7,53.58,24.32,11.51,19.97,-8.46,37.33,54.91,11.79,heating,0,19.39
1685,21.42,54.4,24.71,11.07,11.57,-0.5,56.34,68.09,15.5,hold,0,11.23
1686,26.58,60.88,25.46,10.22,-1.45,11.67,100.0,100.0,29.98,cooling,0,-1.97
1687,22.98,76.23,21.61,10.57,1.83,8.74,100.0,100.0,31.89,cooling,0,1.18
1688,24.43,52.57,19.22,11.85,-0.08,11.93,100.0,100.0,31.08,cooling,0,-0.6
1689,24.61,54.88,14.37,8.23,5.43,2.8,92.41,100.0,28.56,cooling,0,4.42
1690,23.43,57.61,20.56,10.55,8.47,2.09,80.97,95.05,29.16,cooling,0,8.1
1691,25.27,61.16,27.38,9.01,0.07,8.94,100.0,100.0,32.46,cooling,0,-1.13
1692,22.95,60.13,20.51,10.44,22.6,-12.16,37.33,54.91,13.9,heating,0,21.88
1693,25.89,68.01,23.23,10.31,-1.3,11.61,100.0,100.0,30.67,cooling,0,-1.82
1694,21.06,39.37,27.34,8.49,21.54,-13.05,37.33,54.91,12.64,heating,0,20.03
1695,24.27,39.67,27.66,8.7,20.16,-11.46,37.33,56.36,11.34,heating,0,20.26
1696,28.22,54.27,18.32,10.37,17.71,-7.34,37.33,54.91,13.75,heating,0,16.52
1697,21.81,66.57,30.44,8.39,4.1,4.29,91.55,100.0,28.24,cooling,0,3.87
1698,22.51,46.01,31.2,8.94,12.96,-4.02,39.67,58.96,13.35,heating,0,12.11
1699,25.11,34.88,18.02,11.23,-0.89,12.12,100.0,100.0,31.32,cooling,0,-1.57
1700,24.38,62.51,19.81,9.18,17.82,-8.63,37.33,54.91,12.16,heating,0,17.84
1701,24.75,59.98,31.58,9.83,9.4,0.43,74.06,88.9,29.09,hold,1,10.06
1702,25.06,49.68,23.76,11.65,6.53,5.12,100.0,100.0,29.67,cooling,0,5.96
1703,25.37,50.49,11.66,8.78,-0.43,9.22,100.0,100.0,29.65,cooling,0,-1.91
1704,26.41,50.61,16.45,9.44,-11.15,20.59,100.0,100.0,32.39,cooling,0,-10.92
1705,24.88,58.95,23.16,10.31,1.15,9.16,100.0,100.0,29.81,cooling,0,0.51
1706,23.46,53.26,17.83,10.91,19.54,-8.64,37.33,54.91,11.62,heating,0,19.28
1707,25.46,61.91,22.21,11.49,6.59,4.91,100.0,100.0,28.83,cooling,0,6.24
1708,28.13,36.06,24.81,11.55,8.58,2.97,90.58,100.0,29.16,cooling,0,6.95
1709,23.7,51.49,33.16,10.99,15.63,-4.64,47.63,63.09,16.3,heating,0,15.32
1710,21.87,49.41,22.92,8.79,25.47,-16.68,37.33,54.91,11.57,heating,0,24.82
1711,26.4,56.12,30.88,7.97,21.36,-13.39,37.33,54.91,13.63,heating,0,21.7
1712,23.73,53.95,32.96,9.41,1.72,7.7,100.0,100.0,27.28,cooling,0,1.52
1713,19.25,64.26,33.0,8.44,-6.58,15.02,100.0,100.0,29.59,cooling,0,-7.88
1714,25.84,43.75,26.28,10.73,30.2,-19.48,37.33,54.91,11.86,heating,0,30.38
1715,22.82,58.45,13.15,10.53,29.43,-18.9,37.33,54.91,10.15,heating,0,29.15
1716,23.79,62.41,27.31,8.05,11.64,-3.59,49.45,56.1,12.34,heating,0,10.62
1717,24.71,72.43,30.74,11.23,-0.83,12.07,100.0,100.0,30.38,cooling,0,-1.29
1718,24.41,54.38,24.15,8.87,18.27,-9.4,37.33,54.91,13.59,heating,0,18.53
1719,25.54,60.6,34.81,9.61,9.11,0.5,72.67,92.73,25.36,hold,0,8.1
1720,23.04,44.17,29.64,10.56,9.06,1.49,85.13,98.38,25.45,hold,0,9.18
1721,25.11,39.63,27.94,9.6,17.68,-8.08,38.51,54.91,14.02,heating,0,16.68
1722,23.42,64.62,30.96,9.64,12.89,-3.24,54.15,70.67,18.52,heating,0,12.16
1723,25.6,58.06,26.57,8.13,-0.11,8.24,100.0,100.0,33.44,cooling,0,-1.07
1724,25.33,67.2,10.06,9.48,7.25,2.23,81.0,93.66,24.6,cooling,0,7.49
1725,21.95,47.5,21.71,10.94,15.68,-4.74,45.24,61.77,10.97,heating,0,15.11
1726,26.36,62.11,31.61,11.55,14.39,-2.84,60.11,71.99,19.17,heating,0,13.45
1727,22.82,72.53,19.9,9.53,12.27,-2.74,54.54,65.17,15.33,heating,0,12.16
1728,25.75,61.34,23.31,9.57,18.01,-8.44,37.33,57.51,10.75,heating,0,18.12
1729,24.79,60.24,18.52,10.69,6.94,3.76,95.83,100.0,29.15,cooling,0,6.67
1730,28.0,58.17,35.04,11.66,11.56,0.1,70.61,84.82,21.5,hold,1,11.04
1731,23.5,45.97,34.44,8.94,-18.83,27.77,100.0,100.0,31.28,cooling,0,-18.86
1732,23.23,68.57,19.46,9.64,6.19,3.45,89.11,100.0,29.14,cooling,0,5.31
1733,23.95,53.38,25.48,11.07,16.56,-5.49,39.06,56.98,11.98,heating,0,17.16
1734,23.33,61.99,20.65,10.32,6.69,3.63,92.47,100.0,29.53,cooling,0,6.67
1735,25.73,46.03,28.21,8.31,6.04,2.27,84.83,100.0,26.48,cooling,0,6.13
1736,20.47,48.99,27.6,10.39,1.13,9.27,100.0,100.0,32.87,cooling,0,0.91
1737,21.69,69.18,29.36,8.62,18.61,-9.99,37.33,54.91,11.82,heating,0,18.56
1738,21.66,55.42,26.56,9.92,14.72,-4.8,51.46,66.94,16.28,heating,0,13.72
1739,26.06,69.32,41.76,10.0,17.09,-7.09,37.33,54.91,11.45,heating,0,17.21
1740,27.72,57.5,18.62,11.39,-4.73,16.12,100.0,100.0,30.68,cooling,0,-5.02
1741,23.76,43.88,14.63,9.73,8.66,1.07,85.2,100.0,24.99,hold,0,8.74
1742,23.62,64.99,22.32,8.99,7.64,1.36,73.35,83.82,21.24,hold,0,7.63
1743,24.14,53.55,15.46,8.8,7.63,1.17,84.84,95.76,28.0,hold,0,7.39
1744,26.52,63.49,15.9,11.38,4.76,6.62,100.0,100.0,28.83,cooling,0,3.36
1745,21.97,58.29,18.77,8.56,7.07,1.49,73.17,93.66,22.31,hold,0,6.59
1746,,,,9.58,17.29,-7.71,37.33,54.91,14.23,heating,0,16.79
1747,26.12,59.37,19.05,8.62,-6.32,14.95,100.0,100.0,30.29,cooling,0,-6.55
1748,25.08,75.05,27.65,10.98,25.23,-14.25,37.33,54.91,13.86,heating,0,24.64
1749,24.4,61.91,21.66,9.78,14.17,-4.39,43.24,56.58,12.79,heating,0,13.8
1750,26.17,57.66,23.57,9.28,9.67,-0.39,70.24,85.78,19.97,hold,0,9.53
1751,18.1,66.4,29.84,9.32,17.78,-8.46,37.33,56.53,10.15,heating,0,17.2
1752,25.47,59.73,20.14,11.3,-2.38,13.68,100.0,100.0,33.63,cooling,0,-2.77
1753,22.56,59.72,23.08,10.1,4.35,5.75,94.1,100.0,26.96,cooling,0,3.01
1754,20.0,49.67,26.76,10.76,8.99,1.76,75.05,98.31,25.01,hold,0,8.05
1755,25.1,59.91,13.28,11.48,21.71,-10.23,37.33,54.91,10.2,heating,0,21.73
1756,26.98,66.09,10.69,11.5,9.63,1.86,85.07,98.34,29.16,hold,0,8.51
1757,23.69,51.65,26.64,9.19,13.88,-4.69,39.2,58.43,17.17,heating,0,14.31
1758,26.07,69.1,27.49,11.7,4.99,6.71,100.0,100.0,27.63,cooling,0,4.9
1759,27.5,57.39,36.68,7.97,14.19,-6.22,37.33,57.32,10.15,heating,0,13.95
1760,26.86,51.25,25.54,9.38,24.37,-14.99,37.33,54.91,13.75,heating,0,25.55
1761,27.57,65.8,29.41,11.47,18.54,-7.07,37.33,56.62,13.23,heating,0,18.97
1762,25.61,55.89,23.48,8.97,9.33,-0.36,62.95,78.55,21.44,hold,1,8.55
1763,24.15,63.96,26.36,8.97,15.81,-6.84,39.81,58.68,11.8,heating,0,15.95
1764,20.5,55.85,34.36,9.09,14.97,-5.88,37.66,58.36,16.27,heating,0,14.73
1765,23.45,57.64,12.22,10.33,14.36,-4.03,48.27,59.87,15.72,heating,0,13.67
1766,22.15,61.91,27.04,9.63,19.54,-9.91,37.33,56.16,10.15,heating,0,18.68
1767,28.72,60.35,37.09,10.79,19.47,-8.68,37.33,54.91,11.69,heating,0,19.78
1768,23.61,42.69,26.27,11.47,8.94,2.52,86.73,98.59,24.61,cooling,0,8.07
1769,24.26,49.44,34.26,10.58,15.52,-4.94,45.34,57.93,17.78,heating,0,15.19
1770,25.19,65.28,20.95,8.69,6.75,1.94,72.05,88.56,21.29,hold,0,5.94
1771,24.09,57.08,24.43,11.62,2.14,9.48,100.0,100.0,31.98,cooling,0,1.2
1772,27.69,54.06,24.82,8.93,7.73,1.21,72.71,87.2,21.87,hold,0,7.33
1773,22.63,47.61,11.67,8.47,9.38,-0.91,63.21,78.65,18.73,hold,0,9.2
1774,24.41,49.76,17.8,8.23,-4.18,12.41,100.0,100.0,27.18,cooling,0,-5.9
1775,22.37,42.49,18.21,10.13,17.39,-7.25,37.33,54.91,13.4,heating,0,17.12
1776,21.11,57.32,29.42,8.33,-13.63,21.96,100.0,100.0,33.6,cooling,0,-14.31
1777,22.66,53.48,29.71,8.43,33.24,-24.81,37.33,57.79,10.37,heating,0,33.36
1778,23.91,50.64,26.51,9.08,22.87,-13.79,37.33,54.91,10.15,heating,0,23.99
1779,23.05,57.57,29.43,9.0,7.8,1.2,77.43,90.87,25.84,hold,0,7.15
1780,22.48,60.91,23.66,10.3,10.11,0.19,72.82,89.66,19.55,hold,1,8.77
1781,20.92,74.26,31.64,11.15,12.62,-1.47,64.02,75.59,22.65,hold,0,12.2
1782,23.81,46.43,24.67,10.93,4.99,5.94,99.43,100.0,29.02,cooling,0,4.27
1783,20.71,67.05,24.96,8.93,11.68,-2.75,63.8,81.8,17.93,heating,0,12.21
1784,25.65,65.61,23.07,8.86,8.8,0.06,63.72,78.35,20.61,hold,0,9.33
1785,24.17,52.09,28.62,11.75,9.22,2.53,87.75,99.13,25.25,cooling,0,9.08
1786,20.81,59.67,22.16,7.9,11.58,-3.68,55.72,66.25,16.3,heating,0,10.92
1787,23.32,54.57,30.32,11.41,-1.2,12.61,100.0,100.0,31.71,cooling,0,-1.37
1788,22.35,59.53,18.01,8.67,10.37,-1.7,67.11,85.53,16.27,hold,0,10.07
1789,24.69,69.75,18.2,11.68,11.43,0.25,70.79,89.18,25.52,hold,0,11.11
1790,26.91,62.78,28.63,9.25,11.13,-1.89,51.23,66.56,16.46,hold,0,10.16
1791,19.9,62.03,24.1,9.64,8.18,1.46,76.92,97.94,21.49,hold,0,8.18
1792,24.24,54.78,21.97,10.71,19.76,-9.05,37.33,54.91,10.16,heating,0,19.53
1793,23.64,46.64,29.82,10.23,7.01,3.23,82.47,97.06,27.72,cooling,0,6.46
1794,25.45,56.49,21.07,9.15,11.97,-2.83,49.66,56.96,17.1,heating,0,11.45
1795,24.45,67.42,23.45,10.1,21.12,-11.03,37.33,54.91,14.97,heating,0,20.42
1796,22.35,46.31,32.79,10.81,9.35,1.46,74.3,91.85,21.92,hold,0,9.03
1797,23.29,49.95,33.61,8.04,11.86,-3.82,38.99,58.69,13.29,heating,0,10.83
1798,22.25,59.07,33.8,7.92,9.21,-1.29,67.05,79.56,21.97,hold,0,9.19
1799,26.34,50.5,22.97,9.71,20.61,-10.9,37.33,54.91,13.59,heating,0,19.82
1800,24.04,51.98,31.81,8.4,7.83,0.57,75.9,94.04,26.02,hold,0,6.36
1801,28.13,54.83,19.08,10.54,21.0,-10.46,37.33,54.91,10.76,heating,0,21.68
1802,23.86,47.56,19.32,8.73,9.14,-0.41,67.66,75.81,21.07,hold,1,8.33
1803,22.45,50.58,10.89,9.61,2.68,6.93,100.0,100.0,29.78,cooling,0,1.72
1804,20.69,63.53,34.39,8.66,15.84,-7.17,37.33,54.91,12.09,heating,0,16.13
1805,20.06,48.01,19.57,10.07,7.43,2.65,83.06,95.22,27.32,cooling,0,7.77
1806,20.54,45.76,23.88,8.34,15.34,-7.0,37.33,54.91,10.15,heating,0,14.3
1807,24.57,53.24,19.3,7.96,-13.31,21.27,100.0,100.0,33.22,cooling,0,-14.03
1808,25.1,63.75,28.68,8.08,10.07,-2.0,52.57,59.86,14.49,hold,0,9.41
1809,20.54,56.58,22.43,11.71,6.1,5.61,100.0,100.0,30.39,cooling,0,5.86
1810,,,,8.44,0.94,7.5,100.0,100.0,33.49,cooling,0,1.26
1811,,,,10.72,5.3,5.42,100.0,100.0,31.66,cooling,0,4.11
1812,24.31,44.62,16.25,8.14,5.12,3.02,86.8,100.0,27.72,cooling,0,5.35
1813,27.5,61.92,19.73,8.3,9.62,-1.31,61.63,75.56,17.13,hold,0,9.01
1814,25.95,61.06,12.32,9.92,-1.66,11.58,100.0,100.0,28.91,cooling,0,-1.94
1815,23.4,54.94,16.3,9.74,12.73,-3.0,55.22,71.92,19.45,heating,0,11.76
1816,22.05,65.87,25.66,11.7,21.71,-10.02,37.33,55.23,11.02,heating,0,21.28
1817,19.3,49.4,13.15,11.67,12.43,-0.76,62.35,78.32,18.71,hold,0,11.89
1818,22.42,66.81,15.97,11.0,16.95,-5.94,37.33,55.65,14.13,heating,0,16.53
1819,23.53,59.29,24.61,10.29,19.39,-9.1,37.33,54.91,10.15,heating,0,19.29
1820,21.84,55.5,21.45,9.7,20.6,-10.9,37.33,54.91,12.74,heating,0,19.75
1821,,,,9.3,26.02,-16.72,37.33,54.91,12.28,heating,0,25.16
1822,24.16,57.27,35.33,11.68,5.76,5.92,89.68,100.0,27.9,cooling,0,5.45
1823,23.5,67.52,19.55,10.29,3.89,6.41,100.0,100.0,29.96,cooling,0,3.95
1824,22.57,49.79,27.87,10.2,16.73,-6.53,40.16,54.91,11.89,heating,0,16.43
1825,24.36,52.21,29.0,8.8,16.09,-7.28,37.33,54.91,10.15,heating,0,16.13
1826,24.95,66.1,21.13,8.06,16.66,-8.6,37.33,54.91,13.16,heating,0,16.83
1827,21.61,53.5,15.89,11.67,26.18,-14.51,37.33,54.91,10.86,heating,0,26.13
1828,27.07,65.05,24.55,9.13,10.13,-1.0,62.32,76.24,21.63,hold,0,9.37
1829,23.78,71.22,23.61,9.65,13.67,-4.02,46.69,66.26,14.56,heating,0,13.02
1830,24.03,55.0,22.08,8.33,1.65,6.68,100.0,100.0,28.88,cooling,0,0.75
1831,25.53,63.36,27.2,11.23,28.29,-17.05,37.33,54.91,11.72,heating,0,28.82
1832,24.5,49.19,20.24,7.98,7.15,0.83,70.42,83.83,21.31,hold,0,7.05
1833,26.07,63.93,17.89,11.22,7.39,3.83,87.55,100.0,29.28,cooling,0,7.12
1834,24.62,59.64,25.26,8.43,7.07,1.37,76.58,93.39,23.24,hold,0,6.83
1835,22.65,61.75,26.87,11.43,4.52,6.92,100.0,100.0,30.45,cooling,0,3.22
1836,24.78,53.12,17.75,10.8,3.79,7.01,100.0,100.0,33.82,cooling,0,4.18
1837,21.5,45.28,30.04,8.53,5.55,2.98,73.04,86.0,23.93,cooling,0,5.38
1838,24.23,61.99,14.28,10.14,-1.65,11.79,100.0,100.0,34.33,cooling,0,-1.77
1839,23.92,42.17,21.24,9.13,3.32,5.81,100.0,100.0,33.52,cooling,0,1.84
1840,23.54,55.65,23.11,8.59,26.69,-18.11,37.33,57.44,10.42,heating,0,26.65
1841,23.71,65.37,20.9,11.32,16.32,-5.0,40.92,54.91,15.25,heating,0,15.88
1842,19.89,59.58,21.32,9.49,17.95,-8.45,37.33,54.91,15.25,heating,0,16.95
1843,22.79,73.14,35.55,9.47,20.1,-10.62,37.33,54.91,15.26,heating,0,19.3
1844,24.19,66.01,19.65,8.55,25.71,-17.16,37.33,55.43,14.18,heating,0,24.68
1845,24.34,53.05,38.88,9.41,-5.12,14.53,100.0,100.0,32.94,cooling,0,-6.17
1846,21.75,58.31,27.17,11.37,-0.49,11.86,100.0,100.0,30.39,cooling,0,-1.01
1847,26.75,57.73,25.16,9.33,3.16,6.17,98.85,100.0,28.98,cooling,0,2.45
1848,22.1,45.89,27.4,11.7,6.01,5.68,100.0,100.0,30.3,cooling,0,5.5
1849,26.1,50.84,39.39,11.67,7.46,4.21,98.49,100.0,27.22,cooling,0,7.69
1850,24.92,53.77,18.82,8.45,6.21,2.24,68.19,85.31,24.14,cooling,0,5.84
1851,22.58,42.38,18.08,8.58,11.91,-3.32,53.94,68.43,16.62,heating,0,10.46
1852,27.86,58.47,20.21,11.34,10.33,1.01,66.35,81.86,23.49,hold,0,9.9
1853,21.39,56.18,24.81,9.45,3.85,5.6,100.0,100.0,28.54,cooling,0,3.8
1854,25.99,45.19,14.54,7.89,-8.57,16.46,100.0,100.0,33.17,cooling,0,-8.92
1855,26.17,61.22,24.75,8.97,1.54,7.43,100.0,100.0,30.01,cooling,0,1.8
1856,22.53,63.63,34.51,10.27,5.33,4.94,94.52,100.0,26.79,cooling,0,4.96
1857,27.03,59.85,25.5,11.08,7.92,3.17,81.81,94.8,28.8,cooling,0,6.56
1858,23.44,55.6,22.91,8.41,0.37,8.03,100.0,100.0,33.21,cooling,0,-0.11
1859,24.62,62.67,21.01,8.31,5.83,2.48,90.33,100.0,28.52,cooling,0,5.45
1860,24.56,63.35,29.87,11.58,0.36,11.22,100.0,100.0,31.07,cooling,0,0.38
1861,23.7,60.47,19.8,10.89,8.95,1.94,89.39,100.0,28.7,hold,0,9.26
1862,25.76,51.73,35.4,10.24,0.86,9.39,100.0,100.0,31.39,cooling,0,0.81
1863,25.72,60.24,35.91,10.96,2.77,8.19,100.0,100.0,29.42,cooling,0,2.45
1864,20.18,67.33,26.12,9.59,-1.16,10.75,100.0,100.0,30.18,cooling,0,-1.39
1865,26.83,53.49,24.55,10.92,8.72,2.2,79.57,95.09,28.79,cooling,0,8.2
1866,20.37,74.3,30.64,9.36,2.62,6.74,98.5,100.0,35.9,cooling,0,1.26
1867,26.24,54.04,31.01,8.85,17.78,-8.93,37.33,54.91,15.32,heating,0,17.6
1868,26.45,58.35,19.91,10.8,13.5,-2.7,52.56,67.11,17.72,heating,0,13.42
1869,21.61,52.91,21.54,9.56,9.43,0.12,72.83,84.98,22.17,hold,1,8.35
1870,23.09,59.82,16.9,11.82,3.21,8.6,100.0,100.0,29.4,cooling,0,3.27
1871,21.58,44.65,27.01,9.27,13.28,-4.01,51.4,69.18,14.95,heating,0,13.44
1872,23.52,53.88,28.51,11.58,15.94,-4.36,56.57,67.84,16.87,heating,0,14.84
1873,23.32,49.67,16.74,11.62,11.25,0.37,71.66,86.78,26.8,hold,0,11.46
1874,25.69,59.14,21.96,8.84,23.74,-14.9,37.33,54.91,15.81,heating,0,23.25
1875,26.85,65.78,16.75,11.08,13.96,-2.88,65.85,79.82,22.25,heating,0,13.17
1876,27.03,63.09,19.37,9.61,17.84,-8.23,37.33,54.91,10.28,heating,0,18.19
1877,22.76,39.79,27.84,11.56,11.17,0.39,77.7,95.19,26.1,hold,0,10.6
1878,23.53,73.86,20.34,9.68,15.81,-6.13,37.83,54.91,11.87,heating,0,16.53
1879,20.32,60.38,22.86,10.86,3.22,7.64,100.0,100.0,26.69,cooling,0,2.13
1880,22.23,52.11,15.12,9.75,6.11,3.64,81.59,100.0,26.05,cooling,0,4.75
1881,26.09,59.31,25.71,8.79,13.02,-4.23,51.34,69.14,14.72,heating,0,12.62
1882,27.51,59.46,24.36,8.67,12.95,-4.28,49.95,65.17,14.37,heating,0,13.14
1883,21.3,52.95,20.36,9.58,14.37,-4.79,46.17,56.28,14.35,heating,0,13.58
1884,22.7,59.63,23.52,10.91,19.44,-8.53,37.33,54.91,11.2,heating,0,18.47
1885,23.93,53.41,25.67,10.3,-2.15,12.46,100.0,100.0,30.93,cooling,0,-2.52
1886,24.6,54.98,19.86,10.64,1.7,8.94,100.0,100.0,30.84,cooling,0,0.42
1887,22.23,52.8,16.0,9.0,11.99,-2.99,59.57,75.32,15.12,heating,0,11.76
1888,24.91,47.04,35.16,9.81,3.84,5.97,99.49,100.0,33.89,cooling,0,3.09
1889,22.96,59.23,20.92,8.05,38.91,-30.86,37.33,54.91,10.23,heating,0,38.46
1890,23.96,62.62,24.05,11.16,14.44,-3.28,55.99,68.27,15.89,heating,0,13.38
1891,25.18,62.07,30.52,11.85,9.36,2.49,90.05,100.0,27.36,cooling,0,9.43
1892,24.0,64.43,45.23,9.51,5.62,3.88,89.92,100.0,27.76,cooling,0,5.0
1893,23.04,60.6,17.35,7.91,5.92,1.99,80.67,94.33,28.12,hold,0,5.84
1894,23.75,53.99,27.25,8.55,10.29,-1.74,61.41,79.31,19.96,hold,0,10.42
1895,23.8,64.58,20.49,10.49,10.99,-0.49,76.44,89.02,25.06,hold,0,9.9
1896,23.18,47.62,21.47,10.33,6.13,4.21,89.18,100.0,28.3,cooling,0,6.02
1897,23.43,51.15,20.41,11.04,7.69,3.34,86.57,100.0,27.43,cooling,0,6.43
1898,27.48,50.66,18.05,8.89,21.52,-12.63,37.33,54.91,12.82,heating,0,20.58
1899,25.21,66.44,24.38,10.94,21.87,-10.93,37.33,54.91,10.15,heating,0,22.54
1900,23.35,65.38,16.01,10.64,12.18,-1.55,67.94,84.86,20.88,hold,0,12.28
1901,25.51,61.86,30.15,9.17,-1.44,10.61,100.0,100.0,33.32,cooling,0,-0.86
1902,23.26,66.38,24.94,10.06,14.63,-4.57,46.12,56.86,22.72,heating,0,14.16
1903,26.55,51.31,27.09,8.46,23.32,-14.86,37.33,54.91,10.15,heating,0,23.06
1904,24.8,60.79,21.9,9.69,21.74,-12.05,37.33,54.91,13.05,heating,0,21.69
1905,23.76,57.13,22.48,11.41,16.31,-4.9,44.76,58.17,13.29,heating,0,16.0
1906,24.97,64.64,26.3,9.56,22.19,-12.63,37.33,54.91,16.29,heating,0,21.5
1907,20.57,57.21,17.82,11.25,10.49,0.76,68.85,81.36,18.95,hold,0,9.55
1908,21.53,55.13,22.53,10.24,15.4,-5.16,42.14,55.07,14.89,heating,0,15.21
1909,,,,8.64,4.21,4.43,92.72,100.0,26.0,cooling,0,3.09
1910,24.3,64.86,19.42,10.21,12.53,-2.32,58.62,76.65,17.95,heating,0,11.63
1911,27.77,52.94,12.3,9.9,21.4,-11.49,37.33,54.91,12.13,heating,0,21.35
1912,28.85,57.63,32.44,9.47,4.99,4.48,100.0,100.0,33.14,cooling,0,4.42
1913,25.38,49.93,20.61,8.35,2.66,5.69,94.15,100.0,27.09,cooling,0,2.65
1914,25.08,38.81,31.41,9.55,10.86,-1.32,63.96,71.7,21.52,hold,0,10.3
1915,20.06,59.65,30.86,8.16,8.09,0.07,73.72,89.15,23.15,hold,1,7.3
1916,22.81,62.8,17.11,8.27,15.58,-7.31,41.02,58.82,13.85,heating,0,15.53
1917,22.27,60.12,18.26,9.54,6.15,3.39,90.53,100.0,30.08,cooling,0,5.17
1918,22.64,43.05,39.57,9.1,24.72,-15.63,37.33,54.91,10.15,heating,0,23.98
1919,23.62,55.39,34.85,11.59,-1.0,12.59,100.0,100.0,32.62,cooling,0,-1.81
1920,22.96,40.97,24.44,9.38,20.75,-11.37,37.33,54.91,11.06,heating,0,20.32
1921,19.68,68.67,26.12,10.92,3.49,7.43,100.0,100.0,33.19,cooling,0,3.7
1922,25.62,49.72,20.94,10.0,-5.33,15.33,100.0,100.0,31.67,cooling,0,-6.4
1923,21.65,67.79,27.14,10.7,12.06,-1.36,70.48,86.35,21.72,hold,0,12.2
1924,24.51,65.4,20.43,8.92,7.85,1.06,74.28,92.7,22.1,hold,0,7.81
1925,28.51,51.15,12.75,11.66,0.54,11.11,100.0,100.0,32.65,cooling,0,0.89
1926,21.99,49.35,16.9,10.0,-4.35,14.35,100.0,100.0,33.52,cooling,0,-3.25
1927,18.47,60.8,24.74,11.21,9.96,1.25,64.7,84.6,19.34,hold,0,10.2
1928,23.37,51.58,18.01,9.34,18.37,-9.04,37.33,54.91,10.15,heating,0,18.56
1929,26.39,58.89,24.23,8.27,15.03,-6.76,37.72,54.91,13.7,heating,0,14.23
1930,28.26,54.37,18.34,10.58,10.51,0.06,67.75,80.75,18.43,hold,0,9.6
1931,21.31,44.35,20.05,7.9,14.12,-6.22,37.33,54.91,10.15,heating,0,14.07
1932,25.07,40.88,29.6,9.78,9.8,-0.02,65.51,81.59,18.53,hold,0,8.6
1933,22.98,59.85,26.07,8.65,-2.19,10.84,100.0,100.0,30.17,cooling,0,-2.38
1934,23.76,53.76,24.56,10.39,-2.12,12.51,100.0,100.0,28.33,cooling,0,-3.67
1935,29.75,53.83,29.75,11.81,8.29,3.51,94.48,100.0,25.47,cooling,0,8.35
1936,20.71,63.47,27.43,9.74,8.66,1.08,68.68,77.31,19.33,hold,0,8.05
1937,24.54,67.16,33.07,11.16,17.31,-6.15,43.53,59.45,15.34,heating,0,17.08
1938,25.01,56.0,21.93,9.91,16.5,-6.59,37.33,54.91,10.15,heating,0,15.93
1939,26.36,55.47,22.11,9.86,15.2,-5.34,40.39,56.94,12.44,heating,0,14.07
1940,24.2,61.96,17.02,11.61,7.63,3.98,87.57,100.0,31.17,cooling,0,7.71
1941,24.66,47.62,22.11,11.45,-1.77,13.22,100.0,100.0,30.9,cooling,0,-1.58
1942,23.14,59.82,30.25,11.03,13.55,-2.52,62.17,78.38,20.34,heating,0,12.95
1943,24.58,62.36,32.21,9.06,14.52,-5.46,42.21,61.77,11.77,heating,0,14.63
1944,23.24,63.35,30.23,10.06,-10.39,20.45,100.0,100.0,35.33,cooling,0,-10.91
1945,25.35,43.15,14.14,8.77,2.9,5.87,100.0,100.0,29.92,cooling,0,2.49
1946,23.18,52.22,30.95,9.65,4.12,5.53,100.0,100.0,30.54,cooling,0,3.88
1947,24.81,51.32,13.88,9.82,11.04,-1.23,69.75,80.12,24.56,hold,0,10.9
1948,23.93,58.87,29.87,11.21,3.16,8.05,100.0,100.0,30.64,cooling,0,3.25
1949,26.44,61.81,22.47,11.47,9.7,1.77,78.94,96.67,24.78,hold,0,9.51
1950,23.88,69.65,28.72,9.54,8.23,1.31,71.19,88.33,21.79,hold,0,7.84
1951,20.12,54.28,16.84,7.94,8.67,-0.73,66.1,80.56,20.28,hold,0,7.86
1952,26.74,54.26,31.46,11.33,3.9,7.43,100.0,100.0,31.74,cooling,0,3.12
1953,22.02,66.98,16.06,8.57,4.57,4.0,89.79,100.0,29.04,cooling,0,4.42
1954,22.56,60.39,20.72,10.37,0.79,9.58,100.0,100.0,29.71,cooling,0,-0.52
1955,,,,7.97,13.28,-5.31,37.33,55.3,10.67,heating,0,13.65
1956,26.99,60.33,14.37,9.48,14.91,-5.44,37.33,54.91,10.98,heating,0,14.64
1957,19.33,49.17,25.17,11.83,3.44,8.39,100.0,100.0,28.2,cooling,0,2.35
1958,30.83,47.81,35.17,8.27,23.03,-14.76,37.33,54.91,10.15,heating,0,22.26
1959,26.29,46.12,40.19,9.57,7.34,2.23,77.79,93.56,24.93,cooling,0,7.28
1960,24.48,63.21,25.19,9.1,23.11,-14.01,37.33,54.91,14.08,heating,0,22.76
1961,23.87,67.28,31.14,11.51,4.54,6.97,100.0,100.0,32.74,cooling,0,4.72
1962,24.61,72.38,25.98,11.36,-7.3,18.66,100.0,100.0,26.24,cooling,0,-8.29
1963,25.13,64.61,27.53,8.83,13.47,-4.64,54.9,76.21,16.98,heating,0,12.86
1964,25.4,67.08,22.62,8.2,12.16,-3.96,40.45,54.91,10.93,heating,0,11.97
1965,25.2,53.62,25.76,10.39,10.32,0.07,70.8,87.06,22.53,hold,0,9.54
1966,24.19,49.17,27.76,9.22,4.54,4.68,91.42,100.0,27.59,cooling,0,4.02
1967,23.56,64.66,21.24,10.57,9.73,0.84,59.63,68.91,20.07,hold,0,9.57
1968,23.66,61.32,24.17,8.0,5.66,2.34,74.48,88.87,23.31,cooling,0,5.52
1969,23.57,58.93,24.28,8.41,7.44,0.96,78.68,89.31,20.81,hold,0,7.73
1970,26.46,61.09,29.45,10.63,17.23,-6.6,47.11,61.63,13.2,heating,0,16.29
1971,25.28,60.59,18.39,8.72,11.61,-2.88,60.11,75.21,19.04,heating,0,11.45
1972,17.58,68.01,24.32,11.32,15.25,-3.93,51.98,70.34,16.77,heating,0,14.45
1973,25.42,68.1,35.79,8.11,8.05,0.06,70.18,80.66,19.24,hold,1,7.91
1974,24.41,62.3,31.42,8.74,7.11,1.63,86.57,100.0,23.9,hold,0,6.8
1975,23.95,64.63,32.5,11.88,0.17,11.72,100.0,100.0,31.11,cooling,0,-0.85
1976,23.14,62.07,24.76,9.61,6.87,2.74,80.79,98.88,22.43,cooling,0,5.93
1977,26.44,54.54,26.49,10.7,-18.37,29.06,100.0,100.0,27.66,cooling,0,-18.21
1978,26.06,63.94,30.47,8.6,4.98,3.62,77.61,88.62,23.39,cooling,0,4.64
1979,22.31,47.33,33.73,10.32,9.33,0.99,81.57,92.92,24.49,hold,0,8.66
1980,24.88,66.24,13.22,10.79,14.85,-4.06,49.46,60.59,14.08,heating,0,14.88
1981,21.87,48.88,16.94,9.13,7.73,1.4,77.92,94.36,22.97,hold,0,7.6
1982,20.98,60.31,32.27,11.2,13.0,-1.8,52.04,71.48,16.64,hold,0,12.38
1983,22.62,51.58,23.0,10.3,-8.61,18.9,100.0,100.0,29.56,cooling,0,-9.41
1984,25.87,62.37,20.7,9.43,9.54,-0.11,67.97,84.86,21.53,hold,0,8.56
1985,26.07,57.84,17.3,10.11,-4.33,14.44,100.0,100.0,30.24,cooling,0,-4.71
1986,25.11,45.79,21.38,10.19,-0.3,10.49,100.0,100.0,31.34,cooling,0,-1.5
1987,25.57,61.35,16.43,8.54,8.43,0.11,65.34,82.35,22.36,hold,1,8.17
1988,25.12,53.64,36.83,9.49,20.94,-11.45,37.33,54.91,13.88,heating,0,21.26
1989,22.59,64.9,24.49,9.25,13.2,-3.95,56.28,70.66,20.46,heating,0,12.65
1990,24.93,58.11,24.28,9.48,10.19,-0.7,67.7,84.85,22.99,hold,0,9.54
1991,25.73,61.15,28.05,10.93,9.86,1.07,78.39,84.59,25.0,hold,0,10.4
1992,25.63,50.71,30.24,9.81,3.93,5.88,94.91,100.0,28.61,cooling,0,4.17
1993,26.58,53.55,30.14,11.65,5.38,6.27,86.59,100.0,26.2,cooling,0,4.55
1994,25.53,54.56,30.89,9.05,13.68,-4.63,44.22,61.37,12.51,heating,0,13.55
1995,24.76,64.71,20.94,9.54,-1.81,11.36,100.0,100.0,31.01,cooling,0,-2.12
1996,26.32,71.05,22.88,11.03,15.1,-4.07,51.41,61.24,17.82,heating,0,14.91
1997,23.93,51.88,29.11,10.07,6.71,3.36,100.0,100.0,29.55,cooling,0,6.96
1998,22.07,66.41,21.54,10.07,17.09,-7.02,38.38,54.91,12.44,heating,0,16.85
1999,23.63,41.35,24.59,8.08,18.25,-10.16,37.33,54.91,10.84,heating,0,18.1
2000,22.37,48.88,26.95,9.47,-4.27,13.75,100.0,100.0,31.42,cooling,0,-4.4
2001,22.52,50.7,29.21,8.96,5.06,3.9,86.35,100.0,25.81,cooling,0,5.14
2002,23.67,47.66,14.24,11.89,2.72,9.17,100.0,100.0,29.52,cooling,0,2.6
2003,22.26,45.87,28.79,9.11,-5.47,14.58,100.0,100.0,29.64,cooling,0,-5.65
2004,23.32,61.29,23.26,11.43,1.2,10.22,100.0,100.0,32.01,cooling,0,-0.14
2005,19.86,56.45,28.75,10.59,30.9,-20.31,37.33,54.91,12.01,heating,0,30.06
2006,24.45,61.03,29.16,9.24,15.24,-6.0,41.26,57.51,12.52,heating,0,15.42
2007,23.99,63.43,34.01,10.06,26.42,-16.37,37.33,55.38,12.72,heating,0,26.13
2008,22.21,60.15,32.52,11.25,17.12,-5.87,44.77,55.37,13.6,heating,0,17.19
2009,25.43,63.18,32.48,11.42,3.69,7.73,100.0,100.0,33.25,cooling,0,4.07
2010,26.03,57.56,33.05,8.51,6.77,1.75,78.94,98.77,22.74,hold,0,5.77
2011,20.49,48.94,26.32,9.24,15.06,-5.83,37.53,54.91,11.89,heating,0,15.36
2012,22.33,66.27,24.81,9.22,13.77,-4.55,49.04,66.83,12.9,heating,0,13.29
2013,22.31,53.55,29.72,8.04,5.09,2.95,86.81,100.0,26.35,cooling,0,5.04
2014,21.94,50.88,28.9,10.27,-2.88,13.16,100.0,100.0,27.64,cooling,0,-3.4
2015,25.8,56.73,22.82,11.31,38.14,-26.83,37.33,54.91,13.69,heating,0,38.58
2016,23.57,51.05,26.98,9.4,8.82,0.58,72.03,84.62,24.14,hold,0,8.46
2017,23.41,54.88,24.42,10.84,7.24,3.6,92.98,100.0,30.46,cooling,0,6.32
2018,19.62,60.76,19.63,10.39,11.0,-0.61,70.65,81.06,22.25,hold,0,10.67
2019,25.38,60.79,32.16,9.38,7.95,1.43,72.21,86.4,20.9,hold,0,7.74
2020,21.29,51.17,24.94,8.44,11.08,-2.64,51.74,67.49,14.92,heating,0,11.34
2021,24.12,54.33,36.58,10.72,21.03,-10.31,37.33,57.68,15.26,heating,0,20.95
2022,24.59,66.39,15.13,11.31,8.97,2.34,85.39,100.0,29.49,cooling,0,9.66
2023,26.96,61.93,21.37,10.63,0.09,10.54,100.0,100.0,31.25,cooling,0,-0.43
2024,21.14,74.12,24.81,7.94,8.65,-0.71,63.25,81.75,18.94,hold,0,8.22
2025,17.41,67.21,31.26,8.74,6.06,2.68,84.71,96.81,29.15,cooling,0,5.14
2026,24.39,66.93,26.95,8.15,22.2,-14.06,37.33,54.91,10.81,heating,0,21.92
2027,27.92,47.39,26.43,10.16,20.04,-9.88,37.33,59.61,12.66,heating,0,19.94
2028,26.69,64.0,18.04,10.91,10.95,-0.04,71.47,86.24,25.15,hold,1,10.69
2029,24.45,57.69,17.86,8.31,-0.9,9.22,100.0,100.0,29.33,cooling,0,-1.36
2030,22.92,53.85,26.5,11.24,-0.45,11.69,100.0,100.0,32.66,cooling,0,-1.29
2031,25.75,59.4,16.65,10.1,10.16,-0.06,76.29,86.86,24.93,hold,0,9.27
2032,21.87,65.4,21.51,10.64,12.91,-2.26,55.84,71.77,17.67,heating,0,12.34
2033,25.03,61.97,27.55,11.78,6.83,4.95,96.75,100.0,28.04,cooling,0,6.79
2034,25.09,51.32,18.88,8.21,5.92,2.28,81.06,97.05,23.87,cooling,0,6.18
2035,26.3,63.83,34.0,11.49,4.96,6.53,100.0,100.0,31.58,cooling,0,4.35
2036,30.01,53.18,31.77,8.38,9.83,-1.45,59.46,71.11,15.99,hold,0,9.17
2037,24.85,59.77,15.44,9.45,-10.34,19.79,100.0,100.0,31.26,cooling,0,-10.68
2038,22.88,55.76,19.17,11.29,0.61,10.68,100.0,100.0,32.08,cooling,0,1.1
2039,23.93,56.41,11.27,11.51,4.67,6.84,99.54,100.0,32.83,cooling,0,4.56
2040,20.13,64.02,20.05,9.91,20.35,-10.45,37.33,57.78,10.15,heating,0,20.25
2041,22.48,50.07,29.1,10.26,3.07,7.19,99.47,100.0,33.47,cooling,0,2.95
2042,23.1,73.12,22.2,10.72,11.57,-0.86,59.87,77.45,22.35,hold,0,11.98
2043,22.85,44.04,27.31,11.22,11.97,-0.75,69.23,81.22,22.59,hold,0,10.92
2044,24.32,53.49,15.73,8.36,21.13,-12.77,37.33,54.91,10.15,heating,0,20.62
2045,22.2,60.96,29.28,11.13,20.83,-9.7,37.33,54.91,11.54,heating,0,20.21
2046,26.43,62.61,21.38,9.8,9.54,0.27,74.42,87.53,23.23,hold,1,9.43
2047,23.99,57.32,24.69,9.68,5.96,3.72,90.67,100.0,28.74,cooling,0,5.5
2048,23.97,57.66,24.08,9.57,4.35,5.22,94.17,100.0,29.3,cooling,0,4.18
2049,23.28,61.27,17.19,9.92,7.97,1.95,80.7,97.3,25.77,hold,0,7.21
2050,24.33,56.32,17.89,11.67,6.32,5.35,97.29,100.0,30.0,cooling,0,6.39
2051,25.79,68.86,30.27,10.07,14.76,-4.69,45.43,57.72,15.16,heating,0,14.5
2052,22.1,64.58,26.95,11.7,13.62,-1.92,59.34,77.13,17.88,hold,0,13.55
2053,22.56,64.84,30.75,8.59,15.09,-6.5,48.7,61.61,14.93,heating,0,15.35
2054,23.33,50.64,26.52,10.78,20.8,-10.02,37.33,54.91,11.05,heating,0,21.03
2055,21.06,57.49,25.46,11.14,25.96,-14.82,37.33,54.91,16.03,heating,0,25.67
2056,22.2,55.78,14.54,10.6,11.1,-0.5,65.04,83.68,23.44,hold,1,11.08
2057,22.95,50.34,23.04,10.31,19.43,-9.12,37.33,54.91,13.31,heating,0,20.0
2058,25.9,60.88,24.46,10.14,7.02,3.12,78.93,93.99,27.33,cooling,0,6.87
2059,24.56,53.95,36.03,11.33,20.16,-8.83,37.33,54.91,13.8,heating,0,19.51
2060,24.41,63.16,28.63,11.17,19.11,-7.93,39.85,55.25,13.32,heating,0,19.11
2061,25.84,49.84,33.59,8.36,18.65,-10.29,37.33,54.91,10.15,heating,0,18.4
2062,23.69,71.37,28.11,11.28,10.83,0.45,81.83,93.1,25.03,hold,0,9.1
2063,24.84,51.18,20.47,9.53,4.32,5.22,89.88,100.0,27.29,cooling,0,4.06
2064,23.76,59.79,25.3,8.89,-1.89,10.78,100.0,100.0,28.73,cooling,0,-2.32
2065,24.57,64.21,26.0,11.37,9.69,1.68,76.69,91.72,21.03,hold,0,9.8
2066,22.72,53.69,19.14,9.61,23.14,-13.53,37.33,54.91,13.18,heating,0,22.38
2067,18.67,64.68,22.38,11.12,7.38,3.74,93.31,100.0,29.64,cooling,0,5.92
2068,23.7,48.61,23.42,8.93,16.74,-7.81,37.33,54.91,10.15,heating,0,16.59
2069,27.09,69.31,34.0,7.89,17.25,-9.36,37.33,54.91,10.71,heating,0,17.26
2070,26.01,58.21,12.47,9.86,7.6,2.26,80.62,100.0,27.51,cooling,0,7.21
2071,26.09,53.5,31.66,8.27,21.28,-13.01,37.33,54.91,10.44,heating,0,21.02
2072,26.68,55.79,19.15,10.9,-14.84,25.74,100.0,100.0,31.34,cooling,0,-15.54
2073,24.18,64.34,16.61,8.98,-0.42,9.4,100.0,100.0,30.62,cooling,0,-1.0
2074,24.42,53.59,31.51,9.65,2.2,7.45,100.0,100.0,32.01,cooling,0,1.47
2075,22.64,52.31,28.89,8.22,3.02,5.2,86.85,99.15,25.34,cooling,0,3.08
2076,23.3,56.39,31.95,9.02,12.91,-3.88,58.67,69.34,18.78,heating,0,12.72
2077,25.33,49.01,29.3,11.01,12.51,-1.5,60.79,72.82,19.58,hold,0,12.02
2078,26.61,72.15,36.65,8.48,13.4,-4.92,41.54,54.91,13.92,heating,0,14.11
2079,23.69,53.73,27.88,10.47,15.13,-4.65,50.42,66.61,16.29,heating,0,14.66
2080,23.01,64.52,23.71,11.56,1.91,9.65,100.0,100.0,31.69,cooling,0,1.61
2081,23.99,59.72,26.62,10.6,-0.39,10.99,100.0,100.0,35.38,cooling,0,-0.98
2082,25.3,50.5,31.88,11.13,13.42,-2.29,61.07,79.91,24.44,heating,0,13.86
2083,20.84,58.05,20.07,8.31,4.64,3.67,93.77,100.0,27.85,cooling,0,4.07
2084,18.98,64.15,20.81,8.88,-3.4,12.28,100.0,100.0,26.36,cooling,0,-3.89
2085,22.79,56.65,22.82,11.47,18.33,-6.87,37.33,54.91,13.39,heating,0,17.98
2086,21.33,67.31,12.33,10.74,21.96,-11.21,37.33,54.91,12.57,heating,0,21.67
2087,22.88,65.99,25.43,10.44,23.34,-12.9,37.33,54.91,14.32,heating,0,23.56
2088,23.67,65.19,13.61,10.54,11.63,-1.09,62.63,80.44,20.36,hold,0,11.67
2089,23.0,54.55,24.93,9.54,15.38,-5.85,44.99,54.91,14.62,heating,0,15.1
2090,27.16,49.76,29.67,8.05,21.74,-13.69,37.33,54.91,14.46,heating,0,22.33
2091,24.7,53.36,21.84,11.02,4.55,6.48,98.08,100.0,32.96,cooling,0,4.4
2092,24.65,59.61,34.41,10.6,19.53,-8.93,37.33,56.98,10.15,heating,0,19.04
2093,25.35,62.31,16.09,9.77,12.38,-2.61,63.4,79.08,18.39,heating,0,11.32
2094,21.51,41.34,31.58,11.49,17.84,-6.36,37.33,54.91,11.99,heating,0,17.33
2095,26.26,58.04,28.56,9.22,11.62,-2.4,58.63,70.03,18.78,heating,0,11.53
2096,23.82,59.32,14.6,9.05,21.11,-12.06,37.33,57.35,11.75,heating,0,21.09
2097,25.45,55.96,40.45,11.38,11.94,-0.56,65.62,78.75,21.55,hold,0,12.23
2098,21.65,68.07,24.25,11.07,-2.66,13.73,100.0,100.0,32.99,cooling,0,-3.72
2099,20.6,61.36,19.5,9.94,22.44,-12.5,37.33,56.76,15.64,heating,0,21.81
2100,25.77,68.21,16.4,8.4,1.93,6.47,97.53,100.0,31.42,cooling,0,0.84
2101,24.81,56.43,23.34,8.73,20.74,-12.01,37.33,56.15,10.49,heating,0,19.78
2102,22.02,65.34,23.88,10.51,9.26,1.25,72.02,84.17,22.31,hold,0,8.48
2103,22.09,70.72,25.22,9.42,20.08,-10.67,37.33,54.91,12.05,heating,0,19.94
2104,26.44,68.23,22.88,11.23,19.73,-8.5,37.33,54.91,13.23,heating,0,19.88
2105,21.4,49.67,28.32,11.69,13.71,-2.02,59.52,75.52,19.63,heating,0,12.79
2106,27.57,56.14,22.36,11.11,14.38,-3.27,58.37,74.47,22.61,heating,0,13.65
2107,22.03,55.44,13.32,9.39,13.64,-4.26,56.25,75.69,16.95,heating,0,12.36
2108,25.38,61.88,23.75,11.04,-7.19,18.23,100.0,100.0,31.77,cooling,0,-7.43
2109,23.27,63.4,10.79,9.28,11.04,-1.76,71.96,89.54,27.3,hold,0,10.2
2110,25.3,51.62,26.69,8.54,0.49,8.05,100.0,100.0,29.83,cooling,0,0.82
2111,22.8,58.62,18.9,8.0,11.49,-3.49,57.97,75.54,18.68,heating,0,11.35
2112,23.64,42.51,25.57,9.42,0.26,9.16,100.0,100.0,29.11,cooling,0,-0.36
2113,24.08,69.23,32.29,11.5,-0.1,11.6,100.0,100.0,31.16,cooling,0,-0.94
2114,21.81,54.14,19.08,8.83,23.75,-14.92,37.33,54.91,10.64,heating,0,22.59
2115,25.6,58.53,30.82,8.7,19.17,-10.47,37.33,54.91,14.29,heating,0,18.25
2116,22.87,55.71,22.09,11.77,9.99,1.77,81.77,96.89,25.83,hold,0,9.12
2117,23.49,66.95,34.86,7.97,11.61,-3.64,55.15,67.84,15.68,heating,0,10.95
2118,21.82,36.19,22.49,11.03,7.91,3.12,80.87,98.23,26.94,cooling,0,6.88
2119,18.4,57.97,19.71,9.16,14.9,-5.74,37.33,54.91,12.56,heating,0,14.79
2120,23.57,57.28,28.63,8.02,4.25,3.77,84.27,100.0,28.19,cooling,0,4.05
2121,29.25,54.6,22.07,11.56,18.53,-6.97,37.33,54.91,10.15,heating,0,18.14
2122,25.7,71.43,19.71,8.43,7.87,0.57,71.78,88.34,23.27,hold,0,8.47
2123,23.95,51.25,21.83,10.09,6.44,3.65,83.49,100.0,27.59,cooling,0,5.08
2124,23.42,64.06,24.36,8.97,10.22,-1.24,65.13,78.25,19.69,hold,0,9.86
2125,24.04,60.85,32.46,8.13,4.98,3.16,97.09,100.0,27.61,cooling,0,4.28
2126,25.18,67.84,13.32,8.07,12.84,-4.77,43.63,59.23,14.01,heating,0,12.38
2127,21.42,52.95,24.75,8.33,5.44,2.9,82.33,93.06,28.15,cooling,0,4.58
2128,26.42,52.44,28.27,8.16,14.04,-5.88,43.4,65.77,16.27,heating,0,13.85
2129,25.55,66.56,25.75,10.93,20.43,-9.5,37.33,56.7,11.34,heating,0,20.04
2130,25.56,61.38,32.27,9.82,3.88,5.94,100.0,100.0,28.43,cooling,0,3.12
2131,24.95,46.17,24.19,9.25,8.91,0.33,68.08,83.27,20.56,hold,0,7.9
2132,24.03,53.94,23.54,9.55,13.97,-4.42,57.05,73.7,17.18,heating,0,12.8
2133,25.46,61.08,28.08,11.6,6.3,5.3,98.23,100.0,31.36,cooling,0,5.56
2134,25.28,64.57,25.2,11.53,14.0,-2.47,54.56,72.21,17.16,heating,0,13.48
2135,23.22,52.86,22.34,10.75,14.78,-4.03,46.9,58.25,13.56,heating,0,14.38
2136,22.74,35.6,27.63,11.43,19.29,-7.87,37.33,54.91,14.41,heating,0,18.93
2137,24.21,62.14,20.81,9.15,4.85,4.31,98.39,100.0,30.8,cooling,0,3.99
2138,27.37,48.68,21.05,9.4,1.97,7.43,100.0,100.0,31.87,cooling,0,1.37
2139,21.29,42.53,21.54,10.34,7.4,2.94,81.34,100.0,21.95,cooling,0,6.44
2140,20.79,36.23,32.52,10.38,1.76,8.62,100.0,100.0,26.15,cooling,0,1.9
2141,24.35,64.38,5.81,9.81,14.86,-5.05,44.67,55.46,11.53,heating,0,14.2
2142,24.1,59.09,26.93,9.48,0.1,9.38,100.0,100.0,30.04,cooling,0,-0.61
2143,24.37,56.36,24.82,11.83,29.98,-18.14,37.33,55.18,13.35,heating,0,29.13
2144,24.52,68.82,14.8,11.17,21.11,-9.94,37.33,54.91,10.15,heating,0,20.43
2145,23.5,63.02,26.43,9.62,10.14,-0.52,66.91,80.74,24.26,hold,0,9.75
2146,27.24,70.58,27.4,10.79,17.45,-6.65,37.33,54.91,12.54,heating,0,17.22
2147,20.5,47.35,28.06,8.95,-3.96,12.92,100.0,100.0,33.72,cooling,0,-4.71
2148,22.18,57.83,9.13,8.27,31.6,-23.33,37.33,54.91,10.43,heating,0,30.9
2149,23.76,45.62,32.6,9.29,4.98,4.3,91.12,100.0,29.34,cooling,0,4.09
2150,20.41,56.33,20.31,9.49,9.0,0.49,73.6,86.55,23.25,hold,0,8.69
2151,23.61,56.18,28.63,7.94,-5.84,13.77,100.0,100.0,32.64,cooling,0,-5.22
2152,27.61,62.94,28.95,11.15,14.19,-3.04,52.68,67.03,16.34,heating,0,13.49
2153,24.04,58.45,19.5,9.31,0.57,8.74,100.0,100.0,31.95,cooling,0,0.24
2154,24.49,62.91,28.48,10.2,10.9,-0.7,64.4,78.76,22.53,hold,0,10.55
2155,21.24,63.53,22.37,8.17,5.38,2.79,80.27,100.0,23.78,cooling,0,5.23
2156,22.65,74.74,12.52,8.57,0.82,7.76,100.0,100.0,31.48,cooling,0,0.6
2157,23.17,55.67,31.44,11.45,3.15,8.29,100.0,100.0,27.22,cooling,0,2.66
2158,23.3,50.84,20.09,10.32,11.96,-1.64,64.12,80.87,21.64,hold,0,11.53
2159,26.78,60.0,19.63,11.69,-0.93,12.62,100.0,100.0,34.91,cooling,0,-1.59
2160,25.21,51.91,22.27,11.88,3.63,8.26,100.0,100.0,28.51,cooling,0,2.68
2161,21.57,69.54,26.21,9.36,15.7,-6.34,37.33,59.02,12.02,heating,0,15.4
2162,24.53,55.91,24.29,9.07,32.28,-23.21,37.33,54.91,13.96,heating,0,31.11
2163,25.08,53.73,27.82,11.32,14.11,-2.79,54.86,68.72,17.52,heating,0,13.49
2164,26.48,54.46,16.8,11.88,2.19,9.7,100.0,100.0,31.33,cooling,0,2.23
2165,27.44,63.65,20.28,10.4,6.89,3.51,74.8,94.99,22.66,cooling,0,6.6
2166,21.78,56.88,23.94,11.07,10.3,0.77,75.76,85.72,22.87,hold,0,10.22
2167,22.22,53.15,35.7,11.01,7.04,3.97,92.57,100.0,28.6,cooling,0,7.16
2168,21.25,70.96,23.96,9.3,17.75,-8.45,37.33,58.59,12.28,heating,0,17.36
2169,23.48,51.49,30.96,10.18,11.89,-1.71,57.5,72.89,15.89,hold,0,11.65
2170,25.01,58.37,24.85,11.22,17.79,-6.57,37.33,54.91,12.07,heating,0,17.41
2171,26.14,63.14,21.8,10.64,7.34,3.29,73.07,86.22,26.06,cooling,0,6.58
2172,23.82,45.51,23.18,7.96,21.36,-13.41,37.33,54.91,11.36,heating,0,20.56
2173,23.29,61.81,23.64,9.22,8.61,0.62,77.59,96.58,21.8,hold,0,8.55
2174,24.32,49.95,28.15,8.45,1.73,6.72,100.0,100.0,30.7,cooling,0,1.28
2175,22.17,64.45,32.65,8.81,28.65,-19.84,37.33,54.91,10.77,heating,0,29.07
2176,28.55,50.67,26.72,11.51,-5.57,17.08,100.0,100.0,28.32,cooling,0,-5.41
2177,20.49,63.45,31.55,8.02,3.71,4.3,92.26,100.0,28.96,cooling,0,2.76
2178,24.39,66.64,18.99,8.75,4.67,4.08,83.61,97.16,24.66,cooling,0,4.65
2179,28.4,64.75,22.2,9.11,31.48,-22.36,37.33,56.64,10.95,heating,0,30.89
2180,24.0,60.04,20.39,10.35,25.48,-15.13,37.33,54.91,12.51,heating,0,25.68
2181,23.58,56.31,26.46,10.02,22.8,-12.79,37.33,54.91,10.15,heating,0,22.2
2182,23.21,53.65,22.52,8.75,7.2,1.54,81.35,97.18,21.92,hold,0,6.18
2183,23.6,69.46,28.88,8.53,30.77,-22.24,37.33,55.66,13.54,heating,0,29.86
2184,26.98,52.7,19.18,8.82,13.18,-4.36,43.11,56.28,10.15,heating,0,12.65
2185,19.17,50.09,24.87,9.89,18.39,-8.5,37.33,54.91,10.25,heating,0,17.61
2186,27.33,63.24,28.63,8.96,11.57,-2.61,59.79,72.3,15.34,heating,0,11.0
2187,20.89,51.95,12.56,11.68,9.61,2.07,82.57,100.0,24.8,cooling,0,9.44
2188,23.41,50.77,37.01,9.73,7.88,1.86,74.96,87.56,24.34,hold,0,8.34
2189,23.05,46.96,22.97,8.11,8.24,-0.13,57.38,69.74,18.44,hold,0,7.29
2190,25.27,54.37,12.79,10.8,15.23,-4.43,49.58,66.23,20.66,heating,0,15.57
2191,20.51,57.46,25.54,9.19,13.17,-3.98,49.35,64.59,17.98,heating,0,12.58
2192,25.0,59.98,24.82,10.5,9.76,0.74,70.85,86.83,20.39,hold,0,9.53
2193,28.4,65.44,24.14,8.99,22.94,-13.94,37.33,54.91,10.15,heating,0,21.85
2194,21.02,62.17,30.41,10.16,-15.34,25.5,100.0,100.0,36.41,cooling,0,-15.35
2195,24.4,56.63,28.99,10.97,14.39,-3.42,46.33,66.17,17.02,heating,0,13.12
2196,22.55,56.57,26.36,11.6,16.17,-4.57,37.51,55.19,13.43,heating,0,16.08
2197,24.92,62.04,27.25,8.92,19.84,-10.92,37.33,56.41,12.35,heating,0,19.69
2198,24.03,67.92,24.01,9.22,9.48,-0.26,80.67,94.08,25.75,hold,0,9.06
2199,22.59,59.08,34.99,9.74,11.81,-2.07,63.26,79.51,17.01,heating,0,11.02
2200,25.05,54.48,15.98,11.6,18.46,-6.86,37.33,54.91,12.51,heating,0,18.49
2201,27.92,50.44,25.44,11.49,22.78,-11.29,37.33,55.71,12.34,heating,0,22.7
2202,23.57,46.94,25.0,8.23,7.46,0.77,72.62,91.1,20.98,hold,0,6.95
2203,25.56,63.24,29.37,8.4,12.31,-3.91,56.27,71.85,16.81,heating,0,12.35
2204,,,,9.86,24.38,-14.52,37.33,54.91,15.23,heating,0,23.9
2205,21.9,62.56,14.44,8.3,-8.13,16.43,100.0,100.0,30.75,cooling,0,-8.27
2206,25.02,57.11,25.54,9.26,4.13,5.13,93.9,100.0,33.31,cooling,0,3.55
2207,27.23,68.96,26.26,8.47,22.56,-14.1,37.33,54.91,10.15,heating,0,22.39
2208,24.77,54.36,33.32,10.43,19.37,-8.94,37.33,54.91,11.15,heating,0,19.39
2209,23.31,65.47,17.2,11.69,14.5,-2.81,62.18,72.64,16.56,heating,0,13.85
2210,23.99,57.8,31.36,11.88,6.19,5.68,95.49,100.0,27.23,cooling,0,4.98
2211,21.26,53.4,38.45,9.38,2.49,6.89,100.0,100.0,29.34,cooling,0,2.0
2212,25.31,62.67,22.41,10.28,4.98,5.3,94.95,100.0,30.12,cooling,0,5.03
2213,25.91,61.26,17.08,11.31,23.27,-11.95,37.33,54.91,12.73,heating,0,23.09
2214,23.0,60.86,22.24,8.34,4.66,3.69,96.6,100.0,28.62,cooling,0,4.22
2215,22.97,58.73,24.7,10.64,10.9,-0.26,63.51,78.83,15.6,hold,0,10.48
2216,24.57,57.81,27.91,9.51,3.59,5.93,100.0,100.0,33.96,cooling,0,3.38
2217,23.04,76.54,21.17,8.7,17.24,-8.54,37.33,54.91,11.63,heating,0,16.89
2218,23.85,67.24,33.7,9.49,5.42,4.07,92.93,100.0,26.65,cooling,0,4.64
2219,28.57,63.68,18.11,8.18,9.2,-1.02,62.65,77.9,20.34,hold,0,9.51
2220,23.45,58.96,14.46,10.67,-4.36,15.03,100.0,100.0,31.41,cooling,0,-5.07
2221,23.21,65.88,31.08,8.89,-3.76,12.65,100.0,100.0,30.35,cooling,0,-3.78
2222,22.58,62.1,11.34,9.12,10.1,-0.97,72.43,85.12,23.02,hold,0,10.17
2223,25.61,58.3,23.43,8.36,-1.3,9.66,100.0,100.0,28.69,cooling,0,-1.48
2224,23.59,55.76,42.83,11.35,28.03,-16.68,37.33,54.91,13.72,heating,0,26.94
2225,22.57,57.48,24.55,9.85,-7.6,17.45,100.0,100.0,29.01,cooling,0,-7.98
2226,26.87,33.62,18.07,10.17,3.19,6.98,100.0,100.0,29.79,cooling,0,2.56
2227,27.08,59.73,24.28,10.16,10.17,-0.01,77.39,89.8,25.52,hold,0,9.49
2228,22.68,54.33,24.32,9.52,6.91,2.61,73.68,87.2,25.51,cooling,0,6.56
2229,19.92,70.4,25.56,8.64,0.59,8.05,100.0,100.0,34.17,cooling,0,0.36
2230,26.19,58.25,28.49,10.87,1.84,9.03,100.0,100.0,33.11,cooling,0,1.1
2231,22.5,48.92,18.55,8.38,1.56,6.82,100.0,100.0,30.35,cooling,0,0.89
2232,25.71,57.71,34.48,8.29,7.58,0.71,81.51,95.96,22.37,hold,0,7.01
2233,19.7,50.02,26.05,10.72,26.72,-15.99,37.33,54.91,15.01,heating,0,26.79
2234,25.94,61.75,28.86,8.71,10.7,-1.99,57.02,67.83,20.85,hold,0,10.3
2235,21.35,60.35,20.95,9.1,20.14,-11.04,37.33,60.12,10.86,heating,0,19.18
2236,25.58,65.49,32.13,9.78,14.36,-4.58,49.43,61.04,17.67,heating,0,13.31
2237,24.02,51.99,23.12,9.68,19.55,-9.88,37.33,54.91,11.53,heating,0,19.45
2238,21.91,58.36,26.24,10.72,-13.91,24.63,100.0,100.0,34.0,cooling,0,-14.57
2239,23.1,47.56,19.17,10.38,7.43,2.95,74.97,91.05,22.46,cooling,0,7.33
2240,25.49,63.52,18.8,10.46,21.21,-10.75,37.33,54.91,16.16,heating,0,20.25
2241,24.22,62.11,28.64,10.74,5.14,5.6,100.0,100.0,32.57,cooling,0,4.25
2242,25.26,61.93,22.03,9.05,25.1,-16.05,37.33,54.91,15.79,heating,0,24.06
2243,28.3,58.11,19.63,9.17,22.72,-13.55,37.33,54.91,11.27,heating,0,22.67
2244,20.58,61.3,20.86,9.63,6.02,3.61,93.65,100.0,29.91,cooling,0,5.7
2245,27.52,70.49,28.7,9.11,5.73,3.38,81.24,96.98,23.43,cooling,0,5.52
2246,24.22,55.9,20.95,11.83,1.36,10.47,100.0,100.0,32.69,cooling,0,0.28
2247,22.03,59.17,23.93,11.14,4.65,6.5,100.0,100.0,32.8,cooling,0,3.62
2248,21.09,49.72,24.71,8.53,-0.51,9.04,100.0,100.0,35.79,cooling,0,-0.96
2249,23.58,51.4,13.42,7.89,13.7,-5.8,41.48,59.69,14.41,heating,0,12.64
2250,26.0,58.86,16.03,8.04,-2.42,10.46,100.0,100.0,32.45,cooling,0,-2.97
2251,23.71,66.62,26.58,8.85,15.19,-6.34,37.33,57.08,11.26,heating,0,15.75
2252,27.28,56.12,20.32,8.33,15.4,-7.07,37.33,54.91,13.28,heating,0,15.17
2253,20.83,56.28,30.79,10.01,-4.17,14.19,100.0,100.0,30.24,cooling,0,-5.42
2254,23.96,54.96,30.27,11.32,23.28,-11.96,37.33,54.91,12.43,heating,0,22.62
2255,21.26,53.97,28.82,10.83,14.42,-3.59,58.92,71.27,19.03,heating,0,13.65
2256,24.78,60.38,35.25,8.74,16.44,-7.7,37.33,54.91,11.49,heating,0,17.3
2257,25.92,46.54,24.13,9.48,3.54,5.93,93.8,100.0,29.27,cooling,0,3.89
2258,23.07,67.99,28.41,9.91,15.35,-5.44,42.17,54.91,12.9,heating,0,15.45
2259,18.31,52.96,21.21,11.13,19.66,-8.53,37.33,54.91,11.44,heating,0,19.09
2260,24.42,63.67,38.94,11.24,9.19,2.06,83.25,100.0,28.13,cooling,0,9.26
2261,24.94,48.3,36.2,11.53,27.15,-15.62,37.33,54.91,12.55,heating,0,26.16
2262,24.87,63.26,24.69,9.92,10.41,-0.49,76.1,90.67,24.52,hold,0,10.47
2263,26.68,63.29,26.88,10.66,19.78,-9.12,37.33,54.91,10.15,heating,0,20.01
2264,21.66,61.07,32.56,8.32,12.54,-4.22,48.16,60.77,16.29,heating,0,12.16
2265,25.47,50.42,23.76,10.14,15.04,-4.89,49.11,61.47,16.79,heating,0,15.32
2266,26.59,60.03,20.79,8.87,-4.26,13.13,100.0,100.0,30.2,cooling,0,-4.87
2267,20.11,48.97,29.72,9.61,13.2,-3.6,52.18,69.59,20.83,heating,0,12.19
2268,24.69,56.15,25.08,10.42,3.75,6.67,100.0,100.0,26.42,cooling,0,3.65
2269,22.89,66.05,25.69,8.9,2.79,6.11,100.0,100.0,32.57,cooling,0,2.15
2270,23.81,64.25,19.75,8.08,24.94,-16.86,37.33,54.91,13.62,heating,0,24.85
2271,,,,7.91,8.2,-0.29,72.54,85.03,23.84,hold,0,8.72
2272,22.93,50.57,26.0,7.96,1.45,6.51,100.0,100.0,31.35,cooling,0,0.52
2273,22.52,63.08,29.9,7.9,6.96,0.94,79.34,93.23,25.9,hold,0,6.41
2274,24.06,58.25,23.3,8.31,-1.09,9.4,100.0,100.0,32.74,cooling,0,-0.8
2275,21.62,40.19,33.01,8.83,22.29,-13.46,37.33,54.91,10.75,heating,0,22.24
2276,21.62,64.14,20.51,8.76,4.08,4.68,100.0,100.0,31.6,cooling,0,3.08
2277,25.47,57.91,18.46,11.84,14.56,-2.72,65.43,79.18,20.26,heating,0,13.64
2278,21.49,67.38,24.23,9.1,21.62,-12.52,37.33,54.91,10.15,heating,0,20.98
2279,25.44,49.64,24.14,8.38,5.75,2.63,81.29,96.62,26.82,cooling,0,4.97
2280,25.0,33.58,29.12,10.06,14.58,-4.52,50.48,62.28,15.02,heating,0,14.4
2281,20.23,60.25,20.09,11.32,1.22,10.1,100.0,100.0,28.0,cooling,0,0.64
2282,22.51,60.35,32.61,10.6,30.94,-20.35,37.33,54.91,11.12,heating,0,30.54
2283,26.59,45.05,36.11,9.06,18.04,-8.98,37.33,54.91,10.6,heating,0,17.41
2284,21.85,50.55,24.39,10.13,8.38,1.74,80.25,92.74,27.13,hold,0,7.81
2285,22.98,79.37,31.92,10.74,3.42,7.32,100.0,100.0,31.31,cooling,0,1.79
2286,25.0,55.74,18.45,10.8,9.06,1.74,82.34,97.37,28.47,hold,0,8.62
2287,25.7,63.74,30.9,10.55,7.12,3.43,88.88,100.0,26.33,cooling,0,7.19
2288,23.44,53.08,30.74,11.37,26.73,-15.36,37.33,54.91,13.95,heating,0,25.58
2289,22.69,41.96,29.66,11.37,-0.45,11.82,100.0,100.0,36.68,cooling,0,-0.74
2290,27.09,56.79,24.53,10.2,11.18,-0.99,65.4,77.89,21.33,hold,0,10.54
2291,27.78,56.05,7.37,9.6,9.87,-0.28,66.3,82.05,22.61,hold,0,9.97
2292,26.12,55.01,20.87,10.45,9.03,1.42,76.21,89.75,25.25,hold,0,8.69
2293,24.18,57.21,20.96,11.16,9.1,2.06,71.56,86.67,19.62,cooling,0,8.89
2294,22.23,60.14,18.91,7.89,9.04,-1.14,63.36,79.74,21.18,hold,0,8.7
2295,22.18,56.94,25.33,11.86,17.49,-5.64,45.26,56.15,15.19,heating,0,17.8
2296,25.13,48.34,22.17,8.61,15.24,-6.63,38.54,54.91,12.04,heating,0,15.22
2297,,,,9.76,13.61,-3.85,58.35,76.92,16.74,heating,0,12.9
2298,27.05,43.05,18.44,11.38,-15.91,27.29,100.0,100.0,32.39,cooling,0,-16.0
2299,25.41,42.27,20.44,8.77,12.59,-3.82,53.34,67.95,15.06,heating,0,12.13
2300,20.71,63.81,31.17,9.79,-4.13,13.91,100.0,100.0,35.27,cooling,0,-4.55
2301,26.28,62.01,20.76,8.4,15.56,-7.15,45.95,67.58,15.01,heating,0,15.1
2302,21.81,57.66,21.61,9.46,22.64,-13.18,37.33,55.73,10.15,heating,0,21.91
2303,23.15,47.33,21.95,8.58,2.11,6.47,97.14,100.0,29.11,cooling,0,1.66
2304,24.54,52.63,26.6,9.33,7.79,1.54,81.94,95.08,25.03,hold,0,7.34
2305,28.34,56.07,27.28,9.37,4.91,4.47,100.0,100.0,35.82,cooling,0,4.91
2306,30.77,45.78,6.84,11.86,20.59,-8.73,37.33,54.91,10.43,heating,0,20.22
2307,25.31,52.39,30.59,11.87,10.84,1.03,79.34,97.6,24.57,hold,0,9.35
2308,23.59,63.14,33.01,8.33,24.81,-16.48,37.33,54.91,11.12,heating,0,24.23
2309,25.16,69.12,18.49,10.79,13.57,-2.78,61.19,77.74,20.36,heating,0,12.37
2310,25.93,54.86,18.94,8.08,12.1,-4.02,50.5,64.73,15.11,heating,0,12.08
2311,23.29,63.94,21.99,7.99,10.61,-2.62,53.4,66.51,14.74,heating,0,9.5
2312,27.9,43.32,20.2,8.29,17.02,-8.73,37.33,56.72,11.81,heating,0,16.37
2313,24.49,63.19,25.93,11.75,-4.83,16.58,100.0,100.0,30.4,cooling,0,-5.42
2314,25.08,51.89,13.25,11.65,10.76,0.89,79.0,92.77,23.52,hold,0,11.03
2315,25.44,60.47,18.09,8.65,9.43,-0.78,67.76,82.52,20.25,hold,0,8.54
2316,24.91,56.19,33.61,8.52,16.23,-7.71,37.33,54.91,14.57,heating,0,16.04
2317,25.82,68.29,19.2,8.84,8.43,0.41,74.84,86.74,22.81,hold,0,8.31
2318,22.64,51.35,31.88,9.94,1.15,8.79,100.0,100.0,28.73,cooling,0,1.32
2319,22.77,62.95,26.7,10.16,10.09,0.07,72.23,85.38,21.75,hold,1,10.01
2320,21.59,55.94,14.05,8.76,0.77,7.99,100.0,100.0,31.11,cooling,0,0.74
2321,24.95,56.88,28.33,10.91,-6.43,17.34,100.0,100.0,28.33,cooling,0,-6.37
2322,25.69,56.68,23.93,9.11,16.25,-7.13,39.08,54.91,15.97,heating,0,15.44
2323,24.99,51.57,21.96,11.58,14.98,-3.4,46.06,55.16,16.55,heating,0,14.9
2324,27.64,57.99,26.05,10.51,14.02,-3.51,41.97,54.91,16.45,heating,0,14.3
2325,23.98,57.62,27.39,9.62,21.17,-11.55,37.33,56.41,12.98,heating,0,20.37
2326,25.45,59.96,28.75,11.05,4.34,6.7,100.0,100.0,26.81,cooling,0,3.48
2327,21.61,58.75,31.5,11.16,-2.21,13.36,100.0,100.0,34.07,cooling,0,-3.13
2328,23.15,64.26,27.0,9.04,9.43,-0.39,62.65,79.26,18.07,hold,0,9.47
2329,25.51,65.23,16.59,9.24,7.06,2.18,84.57,99.74,24.81,cooling,0,6.55
2330,25.84,49.99,21.85,11.63,2.83,8.8,100.0,100.0,31.31,cooling,0,2.13
2331,23.35,64.81,41.81,8.53,9.35,-0.82,58.0,76.14,21.16,hold,0,8.41
2332,23.83,48.94,28.85,8.04,4.8,3.24,93.31,100.0,31.1,cooling,0,4.21
2333,20.68,62.64,38.46,9.7,-5.67,15.36,100.0,100.0,32.81,cooling,0,-6.42
2334,23.21,62.88,32.77,11.09,6.26,4.83,92.18,100.0,28.03,cooling,0,5.8
2335,25.93,43.34,26.03,10.97,0.31,10.66,100.0,100.0,30.34,cooling,0,-0.75
2336,25.24,58.82,26.38,11.57,12.01,-0.44,57.7,71.21,19.0,hold,0,11.79
2337,25.08,54.48,24.41,10.01,4.42,5.59,100.0,100.0,30.74,cooling,0,3.61
2338,24.1,52.24,14.47,8.27,19.53,-11.26,37.33,55.98,13.98,heating,0,18.63
2339,24.01,68.53,24.73,10.24,23.74,-13.51,37.33,54.91,13.86,heating,0,22.71
2340,22.55,53.05,31.69,11.0,15.84,-4.84,52.19,64.8,17.84,heating,0,14.86
2341,25.51,51.87,21.12,8.25,-3.23,11.48,100.0,100.0,25.95,cooling,0,-3.76
2342,24.91,58.68,27.03,8.56,22.9,-14.34,37.33,54.91,12.45,heating,0,22.63
2343,25.06,63.39,29.59,7.92,23.5,-15.58,37.33,54.91,11.98,heating,0,23.3
2344,22.84,57.01,19.31,10.26,10.19,0.07,68.94,89.6,22.02,hold,0,9.91
2345,19.3,67.1,21.98,11.43,21.34,-9.91,37.33,55.07,10.69,heating,0,20.55
2346,26.38,62.2,18.68,10.57,5.31,5.25,98.41,100.0,27.87,cooling,0,5.28
2347,22.95,41.28,19.82,11.82,-5.93,17.74,100.0,100.0,31.93,cooling,0,-6.57
2348,22.11,54.01,17.1,8.12,3.53,4.59,88.58,100.0,26.86,cooling,0,3.24
2349,25.5,53.76,19.36,11.5,24.82,-13.32,37.33,54.91,13.35,heating,0,24.37
2350,23.14,61.8,32.91,11.14,-2.72,13.86,100.0,100.0,29.66,cooling,0,-3.01
2351,26.3,37.84,19.27,9.13,10.03,-0.89,66.25,87.68,23.71,hold,0,9.58
2352,25.34,77.78,25.36,11.78,10.32,1.46,73.52,88.57,25.06,hold,0,10.08
2353,25.48,62.2,21.68,9.03,5.64,3.38,94.29,100.0,29.88,cooling,0,5.09
2354,21.01,59.25,31.5,11.45,6.24,5.21,88.8,100.0,27.21,cooling,0,6.05
2355,26.63,67.22,32.28,11.41,10.65,0.76,72.14,88.63,24.35,hold,0,9.84
2356,24.56,76.19,29.67,10.92,5.22,5.69,94.98,100.0,30.28,cooling,0,3.78
2357,23.18,64.82,26.41,10.14,-2.13,12.26,100.0,100.0,31.48,cooling,0,-3.11
2358,24.3,65.42,23.27,8.35,11.87,-3.52,51.02,69.97,18.39,heating,0,12.14
2359,20.12,59.11,17.66,10.01,19.21,-9.2,37.33,55.28,15.05,heating,0,18.77
2360,24.88,57.01,35.97,9.3,17.46,-8.16,37.33,54.91,10.15,heating,0,17.29
2361,21.75,54.43,20.18,11.05,3.11,7.95,100.0,100.0,28.9,cooling,0,1.95
2362,21.04,51.72,28.5,10.92,-0.67,11.59,100.0,100.0,29.44,cooling,0,-1.2
2363,20.67,52.8,30.81,11.53,7.6,3.93,87.8,100.0,24.34,cooling,0,6.47
2364,26.42,47.67,21.38,7.93,23.43,-15.51,37.33,54.91,12.07,heating,0,22.68
2365,22.62,57.51,30.68,11.12,15.55,-4.43,51.91,64.96,17.77,heating,0,14.97
2366,27.33,45.09,29.08,11.64,16.05,-4.41,47.23,60.87,15.13,heating,0,16.02
2367,,,,11.04,17.64,-6.6,41.15,54.91,12.28,heating,0,17.61
2368,20.27,57.82,21.88,8.39,13.63,-5.23,46.76,66.34,17.28,heating,0,13.58
2369,21.56,59.23,17.11,8.2,11.06,-2.86,58.54,67.77,18.84,heating,0,9.89
2370,26.68,54.07,21.67,7.95,15.69,-7.74,38.24,55.21,13.16,heating,0,15.53
2371,23.65,81.85,25.84,10.4,5.36,5.04,89.59,100.0,30.19,cooling,0,4.73
2372,22.79,68.6,24.96,10.4,-2.06,12.46,100.0,100.0,30.75,cooling,0,-3.33
2373,24.34,48.49,22.32,11.84,16.21,-4.37,56.95,65.92,22.2,heating,0,15.81
2374,25.08,59.9,13.47,9.47,20.61,-11.14,37.33,54.91,11.3,heating,0,20.2
2375,26.43,53.41,27.37,9.2,0.47,8.74,99.6,100.0,34.88,cooling,0,0.25
2376,27.15,50.27,36.14,10.38,17.06,-6.68,37.33,54.91,10.25,heating,0,16.93
2377,23.21,47.75,27.33,11.19,24.4,-13.21,37.33,54.91,13.23,heating,0,23.73
2378,21.1,61.44,28.18,11.64,10.01,1.63,65.04,83.09,19.23,hold,0,10.05
2379,23.09,52.84,27.96,11.1,3.04,8.06,100.0,100.0,33.24,cooling,0,1.33
2380,24.56,65.57,26.94,9.59,11.08,-1.5,58.95,74.26,17.73,hold,0,10.73
2381,21.89,65.77,30.06,10.42,5.32,5.1,97.14,100.0,30.72,cooling,0,3.8
2382,21.9,68.71,26.93,11.31,4.76,6.56,100.0,100.0,29.7,cooling,0,3.64
2383,24.74,51.52,22.79,9.84,13.73,-3.89,44.1,61.15,16.1,heating,0,13.78
2384,23.88,61.77,19.97,8.74,-3.68,12.42,100.0,100.0,29.69,cooling,0,-4.77
2385,24.06,62.98,23.17,8.55,-2.32,10.87,100.0,100.0,34.37,cooling,0,-3.5
2386,22.34,54.44,26.45,7.87,10.19,-2.32,63.81,79.46,18.15,heating,0,10.99
2387,23.49,52.14,22.77,10.76,9.84,0.92,73.85,90.41,20.46,hold,0,8.69
2388,21.98,70.53,26.46,8.32,12.97,-4.65,44.14,57.08,16.14,heating,0,13.53
2389,25.93,59.86,27.18,8.85,26.06,-17.21,37.33,54.91,11.02,heating,0,25.6
2390,26.25,63.01,29.49,9.07,10.92,-1.86,66.7,79.25,21.0,hold,0,10.3
2391,19.97,51.75,32.11,10.12,15.14,-5.02,52.21,60.77,16.02,heating,0,15.0
2392,21.96,48.69,25.08,9.47,1.69,7.78,100.0,100.0,28.37,cooling,0,1.76
2393,20.73,53.7,16.98,10.58,16.6,-6.01,42.39,54.91,13.56,heating,0,15.68
2394,22.57,57.14,22.6,8.09,5.53,2.56,84.27,99.59,28.81,cooling,0,4.77
2395,23.81,49.88,24.88,8.37,10.64,-2.27,52.56,68.56,18.77,heating,0,10.8
2396,20.83,58.02,13.9,9.88,9.1,0.78,72.66,88.64,23.26,hold,0,8.75
2397,21.98,45.06,32.73,9.22,18.86,-9.64,37.33,54.91,14.42,heating,0,19.1
2398,21.8,49.45,25.45,9.06,-1.17,10.23,100.0,100.0,28.88,cooling,0,-1.45
2399,24.44,63.28,26.85,8.14,-9.49,17.63,100.0,100.0,30.35,cooling,0,-8.91
2400,24.14,62.76,32.59,11.47,8.21,3.27,82.85,100.0,26.65,cooling,0,7.78
2401,22.42,55.07,20.94,10.65,14.04,-3.38,59.06,79.26,18.46,heating,0,13.72
2402,24.38,50.24,27.97,8.36,11.33,-2.97,59.54,75.25,18.37,heating,0,11.16
2403,22.8,50.17,23.98,8.13,20.57,-12.43,37.33,54.91,10.15,heating,0,20.17
2404,23.4,55.22,23.54,11.79,13.77,-1.98,63.16,75.44,15.79,hold,0,13.75
2405,27.64,63.08,20.11,10.61,5.21,5.4,93.92,100.0,30.81,cooling,0,4.84
2406,26.91,65.27,34.35,9.55,-9.85,19.4,100.0,100.0,31.49,cooling,0,-9.72
2407,21.16,54.27,22.43,10.69,8.0,2.69,83.67,98.09,27.9,cooling,0,7.9
2408,25.8,49.2,28.7,10.91,18.82,-7.91,37.33,54.91,11.32,heating,0,18.8
2409,25.76,60.17,13.67,11.01,6.68,4.33,88.39,100.0,26.09,cooling,0,6.43
2410,21.49,51.74,31.51,9.79,10.27,-0.48,62.94,79.95,19.89,hold,0,9.36
2411,25.77,54.1,30.76,9.6,13.63,-4.03,52.21,69.95,18.37,heating,0,13.08
2412,27.34,68.33,25.19,7.91,1.35,6.57,100.0,100.0,30.54,cooling,0,1.29
2413,21.54,64.49,23.29,11.59,15.36,-3.76,47.23,62.59,16.77,heating,0,15.72
2414,21.99,59.32,26.96,10.3,24.03,-13.73,37.33,54.91,10.19,heating,0,22.64
2415,26.21,48.28,37.99,8.69,8.55,0.13,64.32,77.49,19.97,hold,0,7.98
2416,24.58,59.73,14.32,11.57,0.38,11.19,100.0,100.0,30.86,cooling,0,-0.13
2417,25.19,66.3,29.19,11.55,9.46,2.09,77.37,99.72,26.66,cooling,0,8.56
2418,24.73,55.2,19.3,11.85,-8.99,20.84,100.0,100.0,31.42,cooling,0,-9.73
2419,24.84,68.53,24.5,11.38,12.91,-1.53,69.62,85.99,25.38,hold,0,12.69
2420,21.1,68.08,23.17,11.88,13.9,-2.02,54.31,67.64,14.6,heating,0,14.29
2421,26.27,70.94,22.12,8.85,24.36,-15.5,37.33,54.91,12.46,heating,0,23.01
2422,26.54,60.46,24.56,11.26,8.37,2.88,80.58,93.55,25.53,cooling,0,7.84
2423,23.49,62.63,18.0,11.18,13.52,-2.34,66.37,75.12,22.15,heating,0,13.29
2424,23.9,69.02,30.63,8.8,2.67,6.13,100.0,100.0,29.37,cooling,0,2.48
2425,20.65,61.55,14.14,8.27,6.98,1.28,80.17,88.48,28.42,hold,0,6.61
2426,25.11,54.23,27.77,11.81,-3.01,14.82,100.0,100.0,31.03,cooling,0,-2.57
2427,25.24,54.64,22.71,9.06,8.36,0.7,70.58,82.04,20.0,hold,0,8.01
2428,23.85,59.94,17.78,11.37,7.42,3.95,99.49,100.0,30.82,cooling,0,7.41
2429,26.44,48.14,25.8,7.89,12.59,-4.7,47.83,66.96,14.72,heating,0,12.06
2430,23.26,56.99,15.53,7.95,4.7,3.26,90.55,100.0,33.73,cooling,0,4.19
2431,25.22,66.57,24.85,9.74,10.74,-1.0,64.47,76.58,22.44,hold,0,9.78
2432,21.77,41.18,16.31,8.83,7.18,1.65,76.91,90.14,24.17,hold,0,7.15
2433,23.94,69.95,27.31,10.64,7.2,3.45,95.55,100.0,29.44,cooling,0,6.51
2434,23.61,66.76,19.22,10.14,10.72,-0.57,69.83,84.7,23.85,hold,0,10.46
2435,24.48,54.55,21.99,8.18,10.38,-2.19,66.28,81.8,22.88,heating,0,9.84
2436,23.18,62.29,26.34,8.52,16.54,-8.01,37.33,58.02,10.15,heating,0,16.59
2437,23.7,58.12,20.11,9.43,9.0,0.43,67.92,77.17,22.66,hold,0,8.81
2438,25.79,67.6,24.28,8.62,7.04,1.58,74.97,89.87,23.55,hold,0,6.17
2439,23.04,65.69,15.78,11.05,8.48,2.57,83.37,97.42,23.39,cooling,0,7.47
2440,20.49,47.29,28.3,9.54,3.92,5.62,94.98,100.0,31.26,cooling,0,3.29
2441,27.8,62.63,34.93,8.25,6.95,1.29,70.93,86.99,26.77,hold,0,6.99
2442,27.0,56.51,40.93,9.82,27.4,-17.58,37.33,54.91,13.31,heating,0,27.95
2443,21.17,58.74,25.15,8.24,2.23,6.01,97.32,100.0,32.4,cooling,0,1.78
2444,25.49,52.48,29.22,8.39,7.65,0.74,74.4,86.6,26.93,hold,0,7.76
2445,22.89,71.6,14.22,8.83,6.72,2.12,82.06,100.0,23.96,cooling,0,5.41
2446,24.56,66.13,33.4,11.33,7.92,3.41,84.1,100.0,22.52,cooling,0,8.42
2447,24.63,52.39,29.15,11.59,7.2,4.39,99.2,100.0,32.07,cooling,0,6.86
2448,23.48,47.8,21.79,11.19,12.42,-1.23,58.28,77.08,17.99,hold,0,12.03
2449,22.28,55.12,31.85,9.21,-4.59,13.8,100.0,100.0,28.25,cooling,0,-5.14
2450,22.48,61.45,23.13,8.97,18.9,-9.93,37.33,56.77,12.04,heating,0,18.04
2451,21.99,59.95,21.95,10.08,15.44,-5.36,42.92,59.06,15.33,heating,0,14.73
2452,22.18,67.77,27.4,10.77,-0.6,11.37,100.0,100.0,30.7,cooling,0,-0.19
2453,23.84,64.2,18.41,11.86,-9.37,21.23,100.0,100.0,29.43,cooling,0,-10.2
2454,22.43,65.59,30.59,8.4,1.68,6.72,100.0,100.0,30.55,cooling,0,0.59
2455,25.48,60.62,18.45,8.07,7.96,0.11,67.19,80.63,21.12,hold,0,7.28
2456,27.23,47.37,18.49,10.66,32.09,-21.43,37.33,57.23,10.15,heating,0,31.02
2457,22.73,56.59,19.31,11.22,14.67,-3.46,54.58,70.47,17.09,heating,0,14.3
2458,24.51,66.28,29.06,11.27,-5.42,16.7,100.0,100.0,28.31,cooling,0,-5.28
2459,25.08,57.7,21.02,10.6,4.13,6.46,98.05,100.0,31.73,cooling,0,3.27
2460,25.02,61.98,16.75,11.71,9.58,2.13,86.34,100.0,23.78,cooling,0,8.33
2461,24.16,55.64,21.08,9.92,12.2,-2.27,60.17,71.78,21.08,heating,0,11.98
2462,25.61,50.15,24.43,11.54,-1.21,12.75,100.0,100.0,30.18,cooling,0,-1.7
2463,25.04,57.15,17.72,11.76,8.88,2.88,80.13,90.99,23.95,cooling,0,8.9
2464,21.29,60.49,17.89,11.28,3.89,7.38,100.0,100.0,31.59,cooling,0,3.01
2465,25.88,53.04,36.95,9.12,0.59,8.52,100.0,100.0,29.27,cooling,0,-0.03
2466,25.92,56.28,19.59,8.66,12.25,-3.59,47.82,61.42,15.9,heating,0,11.97
2467,22.33,50.85,22.73,10.07,16.65,-6.57,37.33,54.91,10.73,heating,0,16.43
2468,24.07,66.74,22.48,9.69,17.22,-7.53,38.05,54.91,11.3,heating,0,16.78
2469,25.48,55.83,22.16,11.4,14.94,-3.54,57.14,70.63,18.95,heating,0,14.3
2470,23.53,69.32,28.25,8.27,5.78,2.49,76.11,92.04,21.55,cooling,0,4.45
2471,26.33,69.9,30.16,8.91,16.14,-7.23,37.33,55.67,10.15,heating,0,15.69
2472,29.14,57.47,22.83,10.89,12.67,-1.78,56.59,73.62,18.47,hold,0,12.79
2473,22.28,50.31,17.4,8.25,11.18,-2.92,54.08,71.72,17.17,heating,0,11.28
2474,20.98,42.0,32.06,9.16,4.8,4.36,90.07,100.0,28.36,cooling,0,3.99
2475,24.65,46.74,24.06,9.43,5.78,3.64,86.08,100.0,27.48,cooling,0,5.95
2476,25.56,47.49,34.73,10.37,10.66,-0.29,78.57,93.09,24.69,hold,0,10.16
2477,23.49,68.74,11.51,8.51,30.89,-22.39,37.33,54.91,13.42,heating,0,29.7
2478,27.16,58.99,25.76,11.33,12.61,-1.28,59.58,73.41,19.07,hold,0,11.47
2479,21.07,61.11,35.82,9.67,4.8,4.86,90.51,100.0,24.14,cooling,0,4.83
2480,25.5,40.96,22.56,11.56,2.91,8.64,100.0,100.0,27.5,cooling,0,2.18
2481,22.67,48.85,23.3,9.75,5.83,3.93,81.37,97.41,29.27,cooling,0,4.74
2482,27.74,64.95,26.35,8.98,28.65,-19.67,37.33,54.91,12.2,heating,0,27.12
2483,28.33,60.31,21.36,8.44,6.62,1.82,86.35,97.87,28.81,hold,0,5.99
2484,22.32,56.96,22.8,7.89,17.78,-9.9,37.33,56.63,11.51,heating,0,17.7
2485,22.79,62.46,22.65,10.01,6.82,3.19,86.93,100.0,26.96,cooling,0,5.92
2486,25.86,70.73,20.96,8.3,12.26,-3.96,60.85,72.55,18.35,heating,0,11.4
2487,23.15,56.39,31.8,9.44,16.8,-7.35,37.33,54.91,17.13,heating,0,16.28
2488,23.89,58.64,27.31,10.24,5.14,5.1,91.95,100.0,29.09,cooling,0,5.22
2489,24.05,59.59,26.08,8.98,4.55,4.43,90.74,100.0,27.15,cooling,0,3.33
2490,19.81,76.57,29.34,8.57,24.21,-15.64,37.33,54.91,10.15,heating,0,23.43
2491,23.96,41.89,23.08,10.98,18.45,-7.46,38.96,54.91,16.64,heating,0,18.77
2492,22.49,63.37,20.1,11.68,16.79,-5.11,47.3,61.86,14.86,heating,0,16.68
2493,22.91,57.21,21.1,8.27,16.76,-8.49,37.33,54.91,13.69,heating,0,16.6
2494,27.14,62.48,24.63,8.5,13.96,-5.46,48.75,64.18,17.34,heating,0,13.41
2495,21.25,53.03,18.43,11.73,27.28,-15.55,37.33,55.56,11.27,heating,0,26.8
2496,25.76,57.72,21.7,8.02,10.41,-2.38,53.36,69.3,18.35,heating,0,9.91
2497,23.38,63.59,21.61,11.8,14.97,-3.17,53.91,65.58,15.97,heating,0,14.17
2498,23.38,82.13,37.03,7.89,-2.38,10.26,100.0,100.0,29.02,cooling,0,-3.4
2499,25.71,64.34,8.42,11.38,2.98,8.41,100.0,100.0,33.33,cooling,0,2.82
2500,24.73,51.55,23.57,9.11,-0.24,9.34,100.0,100.0,30.68,cooling,0,-0.77
